–û—Ç–º–µ—Ç–∫–∞ –≤—Ä–µ–º–µ–Ω–∏,–ú–∞–ª—å—á–∏–∫ –∏–ª–∏ –¥–µ–≤–æ—á–∫–∞?,–ö–∞–∫ —á–∞—Å—Ç–æ —Ç–µ–±—è –±–∏–ª–∏ –≤ –¥–µ—Ç—Å—Ç–≤–µ?,–û—Ü–µ–Ω–∏—Ç–µ –≤–∞—à —É—Ä–æ–≤–µ–Ω—å –≤–µ–≥–µ—Ç–∞—Ä–∏–∞–Ω—Ü–∞ –ø–æ 5-—Ç–∏ –±–∞–ª—å–Ω–æ–π —à–∫–∞–ª–µ,–ß—Ç–æ —Ç–∞–∫–æ–µ –¥–≤–∞.—á?,–¢–≤–æ—è –æ—Ä–∏–µ–Ω—Ç–∞—Ü–∏—è?,"–ü–æ–≥—É–ª—è—Ç—å –≤–µ—á–µ—Ä–æ–º –ø–æ—Å–ª–µ —Ç—è–∂–∫–æ–≥–æ —Ä–∞–±–æ—á–µ–≥–æ –¥–Ω—è, –∏–ª–∏ –ø–æ—Å—ã—á–µ–≤–∞—Ç—å –¥–æ–º–∞?",–ö–∞–∫ —á–∞—Å—Ç–æ –∏–≥—Ä–∞–µ—à—å –≤ –∏–≥—Ä—ã?,–°–µ—Ä–∏–∞–ª—ã?,–ê –∫–Ω–∏–≥–∏? ,–í—ã —Ç–∞–∫–∏ –∞–Ω—Ç–∏—Å–µ–º–∏—Ç? ,–ö–∞–∫–æ–π –ø—Ä–µ–¥–º–µ—Ç –±–ª–∏–∂–µ –≤—Å–µ–≥–æ –ø–æ –¥—É—à–µ?,–ö–∞–∫ –≤—ã –æ—Ç–Ω–æ—Å–∏—Ç–µ—Å—å –∫ –∞–Ω–Ω–µ–∫—Å–∏–∏ –ö—Ä—ã–º–∞?,–í–ª–∞–¥–∏–º–∏—Ä –ü—É—Ç–∏–Ω - ,–ö–∞–∫ —Ö–æ—Ä–æ—à–æ –≤—ã –∑–Ω–∞–µ—Ç–µ –∞–Ω–≥–ª–∏–π—Å–∫–∏–π?,–ë—ã–ª–æ –ª–∏ —Ä–∞–Ω—å—à–µ –ª—É—á—à–µ? ,–ê –∫–∞–∫–∏–µ –∂–∞–Ω—Ä—ã —Ñ–∏–ª—å–º–æ–≤ –ª—é–±–∏—à—å? 
09.06.2019 23:22:11,–î–µ–≤–æ—á–∫–∞,–ù–µ –±–∏–ª–∏,2,–ù–µ –∑–Ω–∞—é,–ì–µ—Ç–µ—Ä–æ,–°—ã—á–µ–≤–∞—Ç—å,1,1,3,–ù–µ—Ç,–õ–∏—Ç–µ—Ä–∞—Ç—É—Ä–∞,–ü–æ–ª–æ–∂–∏—Ç–µ–ª—å–Ω–æ,–ö—Ä–∞–±,"–ß—É—Ç—å –ª—É—á—à–µ, —á–µ–º –Ω–∏—á–µ–≥–æ",–ù–µ—Ç,"–î–µ—Ç–µ–∫—Ç–∏–≤, –ê–Ω–∏–º–µ, –î—Ä–∞–º–∞, –ö–æ–º–µ–¥–∏—è, –ò—Å—Ç–æ—Ä–∏—á–µ—Å–∫–∏–π —Ñ–∏–ª—å–º, –¢—Ä–∞–≥–µ–¥–∏—è, –§–∞–Ω—Ç–∞—Å—Ç–∏–∫–∞"
09.06.2019 23:27:43,–ú–∞–ª—å—á–∏–∫,–†–∞–∑–≤–µ —á—Ç–æ –ø–æ –¥–µ–ª—É,2,–ù–µ–Ω–∞–≤–∏–∂—É –ê–±—É,–ì–µ—Ç–µ—Ä–æ,–°—ã—á–µ–≤–∞—Ç—å,3,1,2,–ù–µ—Ç,–ú–∞—Ç–µ—à–∞,–ú–Ω–µ –≤—Å—ë —Ä–∞–≤–Ω–æ,—á–µ–ª–æ–≤–µ–∫,–•–æ—Ä–æ—à–æ,–ù–µ—Ç,"–î–µ—Ç–µ–∫—Ç–∏–≤, –¢—Ä–∞–≥–µ–¥–∏—è, –§–∏–ª—å–º —É–∂–∞—Å–æ–≤, –§–∞–Ω—Ç–∞—Å—Ç–∏–∫–∞"
09.06.2019 23:30:07,–î–µ–≤–æ—á–∫–∞,–†–∞–∑–≤–µ —á—Ç–æ –ø–æ –¥–µ–ª—É,2,–ü–∞–±–ª–∏–∫ –≤ –≤–∫,–ì–µ—Ç–µ—Ä–æ,–ì—É–ª—è—Ç—å,0,1,3,–ù–µ—Ç,–ò–Ω—Ñ–æ—Ä–º–∞—Ç–∏–∫–∞,–ú–Ω–µ –≤—Å—ë —Ä–∞–≤–Ω–æ,"–ü–æ–ª–∏—Ç–∏–∫, –ª–∏–¥–µ—Ä –∏ –±–æ–µ—Ü",–•–æ—Ä–æ—à–æ,–ù–µ—Ç,"–ë–æ–µ–≤–∏–∫, –î–µ—Ç–µ–∫—Ç–∏–≤, –ö–æ–º–µ–¥–∏—è, –ú–µ–ª–æ–¥—Ä–∞–º–∞, –§–∞–Ω—Ç–∞—Å—Ç–∏–∫–∞"
09.06.2019 23:30:08,–ú–∞–ª—å—á–∏–∫,–†–∞–∑–≤–µ —á—Ç–æ –ø–æ –¥–µ–ª—É,0,–õ—É—á—à–∞—è –±–æ—Ä–¥–∞ —Ä—É–Ω–µ—Ç–∞,–ì–µ—Ç–µ—Ä–æ,–ì—É–ª—è—Ç—å,2,3,4,–ù–µ—Ç,–ò–Ω—Ñ–æ—Ä–º–∞—Ç–∏–∫–∞,–û—Ç—Ä–∏—Ü–∞—Ç–µ–ª—å–Ω–æ,"–ü–æ–ª–∏—Ç–∏–∫, –ª–∏–¥–µ—Ä –∏ –±–æ–µ—Ü",–•–æ—Ä–æ—à–æ,"–ê –∫–æ–ª–±–∞—Å–∞ –∫–∞–∫–∞—è, –∫–æ–ª–±–∞—Å–∞...","–ë–æ–µ–≤–∏–∫, –î–µ—Ç–µ–∫—Ç–∏–≤, –ê–Ω–∏–º–µ, –ö–æ–º–µ–¥–∏—è, –ú–µ–ª–æ–¥—Ä–∞–º–∞, –ò—Å—Ç–æ—Ä–∏—á–µ—Å–∫–∏–π —Ñ–∏–ª—å–º, –§–∞–Ω—Ç–∞—Å—Ç–∏–∫–∞"
09.06.2019 23:31:38,–ú–∞–ª—å—á–∏–∫,–ù–µ –±–∏–ª–∏,1,–ù–µ–Ω–∞–≤–∏–∂—É –ê–±—É,–ì–µ—Ç–µ—Ä–æ,–°—ã—á–µ–≤–∞—Ç—å,6,4,3,–ù–µ—Ç,–ò–Ω—Ñ–æ—Ä–º–∞—Ç–∏–∫–∞,–ú–Ω–µ –≤—Å—ë —Ä–∞–≤–Ω–æ,"–ü–æ–ª–∏—Ç–∏–∫, –ª–∏–¥–µ—Ä –∏ –±–æ–µ—Ü","–ß—É—Ç—å –ª—É—á—à–µ, —á–µ–º –Ω–∏—á–µ–≥–æ","–ê –∫–æ–ª–±–∞—Å–∞ –∫–∞–∫–∞—è, –∫–æ–ª–±–∞—Å–∞...","–ë–æ–µ–≤–∏–∫, –î–µ—Ç–µ–∫—Ç–∏–≤, –ê–Ω–∏–º–µ, –î—Ä–∞–º–∞, –ö–æ–º–µ–¥–∏—è, –ò—Å—Ç–æ—Ä–∏—á–µ—Å–∫–∏–π —Ñ–∏–ª—å–º, –§–∏–ª—å–º —É–∂–∞—Å–æ–≤"
09.06.2019 23:32:14,–ú–∞–ª—å—á–∏–∫,–†–∞–∑–≤–µ —á—Ç–æ –ø–æ –¥–µ–ª—É,0,–ù–µ–Ω–∞–≤–∏–∂—É –ê–±—É,–ë–∏,–°—ã—á–µ–≤–∞—Ç—å,7,7,7,–ù–µ—Ç,–ò–Ω—Ñ–æ—Ä–º–∞—Ç–∏–∫–∞,–ú–Ω–µ –≤—Å—ë —Ä–∞–≤–Ω–æ,–ú–æ–ª–æ–¥–µ—Ü,–ù–≠–ô–¢–ò–í –ò–ù–ì–õ–ò–® –°–ü–ò–ö–ï–†,–ù–µ—Ç,–ê–Ω–∏–º–µ
09.06.2019 23:33:29,–ú–∞–ª—å—á–∏–∫,–†–∞–∑–≤–µ —á—Ç–æ –ø–æ –¥–µ–ª—É,0,–ü–∞–±–ª–∏–∫ –≤ –≤–∫,–ì–µ—Ç–µ—Ä–æ,–°—ã—á–µ–≤–∞—Ç—å,2,5,5,–ù–µ—Ç,–ò–Ω—Ñ–æ—Ä–º–∞—Ç–∏–∫–∞,–ú–Ω–µ –≤—Å—ë —Ä–∞–≤–Ω–æ,"–ü–æ–ª–∏—Ç–∏–∫, –ª–∏–¥–µ—Ä –∏ –±–æ–µ—Ü","–ß—É—Ç—å –ª—É—á—à–µ, —á–µ–º –Ω–∏—á–µ–≥–æ","–ê –∫–æ–ª–±–∞—Å–∞ –∫–∞–∫–∞—è, –∫–æ–ª–±–∞—Å–∞...","–ë–æ–µ–≤–∏–∫, –î–µ—Ç–µ–∫—Ç–∏–≤, –ê–Ω–∏–º–µ, –î—Ä–∞–º–∞, –ö–æ–º–µ–¥–∏—è, –ú–µ–ª–æ–¥—Ä–∞–º–∞, –ò—Å—Ç–æ—Ä–∏—á–µ—Å–∫–∏–π —Ñ–∏–ª—å–º, –¢—Ä–∞–≥–µ–¥–∏—è, –§–∏–ª—å–º —É–∂–∞—Å–æ–≤, –§–∞–Ω—Ç–∞—Å—Ç–∏–∫–∞"
09.06.2019 23:34:41,–î–µ–≤–æ—á–∫–∞,–†–∞–∑–≤–µ —á—Ç–æ –ø–æ –¥–µ–ª—É,1,–ù–µ –∑–Ω–∞—é,–ê–ª—å—Ç–µ—Ä–Ω–∞—Ç–∏–≤–Ω–∞—è,–°—ã—á–µ–≤–∞—Ç—å,1,4,4,–Ø –ø—Ä–æ—Å—Ç–æ –±–æ—é—Å—å –µ–≤—Ä–µ–µ–≤,–ú–∞—Ç–µ—à–∞,–ú–Ω–µ –≤—Å—ë —Ä–∞–≤–Ω–æ,"–ü–æ–ª–∏—Ç–∏–∫, –ª–∏–¥–µ—Ä –∏ –±–æ–µ—Ü","–ß—É—Ç—å –ª—É—á—à–µ, —á–µ–º –Ω–∏—á–µ–≥–æ",–ù–µ—Ç,"–ë–æ–µ–≤–∏–∫, –ê–Ω–∏–º–µ, –î—Ä–∞–º–∞, –ö–æ–º–µ–¥–∏—è, –ú–µ–ª–æ–¥—Ä–∞–º–∞, –§–∏–ª—å–º —É–∂–∞—Å–æ–≤, –§–∞–Ω—Ç–∞—Å—Ç–∏–∫–∞"
09.06.2019 23:34:49,–ú–∞–ª—å—á–∏–∫,–ù–µ –±–∏–ª–∏,1,–õ—É—á—à–∞—è –±–æ—Ä–¥–∞ —Ä—É–Ω–µ—Ç–∞,–ì–µ—Ç–µ—Ä–æ,–°—ã—á–µ–≤–∞—Ç—å,0,0,0,–ù–µ—Ç,–ò–Ω—Ñ–æ—Ä–º–∞—Ç–∏–∫–∞,–ü–æ–ª–æ–∂–∏—Ç–µ–ª—å–Ω–æ,"–ü–æ–ª–∏—Ç–∏–∫, –ª–∏–¥–µ—Ä –∏ –±–æ–µ—Ü",–ù–æ—Ä–º–∞–ª—å–Ω–æ,–ù–µ—Ç,–î—Ä–∞–º–∞
09.06.2019 23:35:04,–ú–∞–ª—å—á–∏–∫,–ù–µ –±–∏–ª–∏,0,–ü–∞–±–ª–∏–∫ –≤ –≤–∫,–ì–µ—Ç–µ—Ä–æ,–°—ã—á–µ–≤–∞—Ç—å,0,0,0,–Ø –ø—Ä–æ—Å—Ç–æ –±–æ—é—Å—å –µ–≤—Ä–µ–µ–≤,–ú–∞—Ç–µ—à–∞,–ü–æ–ª–æ–∂–∏—Ç–µ–ª—å–Ω–æ,–õ–Æ–ë–õ–Æ –†–û–°–°–ò–Æ,–û—Ä–∏–≥–∞—Ç–æ—ë –≥–∞–π–∑–∞–π–º–∞—Å,"–ê –∫–æ–ª–±–∞—Å–∞ –∫–∞–∫–∞—è, –∫–æ–ª–±–∞—Å–∞...",–ê–Ω–∏–º–µ
09.06.2019 23:35:52,–ú–∞–ª—å—á–∏–∫,–ù–µ –±–∏–ª–∏,2,–ü–∞–±–ª–∏–∫ –≤ –≤–∫,–ì–µ—Ç–µ—Ä–æ,–°—ã—á–µ–≤–∞—Ç—å,1,2,0,–ù–µ—Ç,–ò–Ω—Ñ–æ—Ä–º–∞—Ç–∏–∫–∞,–û—Ç—Ä–∏—Ü–∞—Ç–µ–ª—å–Ω–æ,"–ü–æ–ª–∏—Ç–∏–∫, –ª–∏–¥–µ—Ä –∏ –±–æ–µ—Ü","–ß—É—Ç—å –ª—É—á—à–µ, —á–µ–º –Ω–∏—á–µ–≥–æ",–ù–µ—Ç,"–ë–æ–µ–≤–∏–∫, –¢—Ä–∞–≥–µ–¥–∏—è, –§–∏–ª—å–º —É–∂–∞—Å–æ–≤, –§–∞–Ω—Ç–∞—Å—Ç–∏–∫–∞"
09.06.2019 23:36:09,–î–µ–≤–æ—á–∫–∞,–ß–∞—Å—Ç–æ,1,–õ—É—á—à–∞—è –±–æ—Ä–¥–∞ —Ä—É–Ω–µ—Ç–∞,–ë–∏,–°—ã—á–µ–≤–∞—Ç—å,7,7,7,–ù–µ—Ç,–ò—Å—Ç–æ—Ä–∏—è,–ü–æ–ª–æ–∂–∏—Ç–µ–ª—å–Ω–æ,–ü—Ä–∞–≤–∏–ª–æ –∏—Å–∫–ª—é—á–µ–Ω–Ω–æ–≥–æ —Ç—Ä–µ—Ç—å–µ–≥–æ,–û—Ä–∏–≥–∞—Ç–æ—ë –≥–∞–π–∑–∞–π–º–∞—Å,–ù–µ—Ç,–ê–Ω–∏–º–µ
09.06.2019 23:37:03,–î–µ–≤–æ—á–∫–∞,–ù–µ –±–∏–ª–∏,0,–ù–µ –∑–Ω–∞—é,–ì–µ—Ç–µ—Ä–æ,–ì—É–ª—è—Ç—å,0,0,2,–ù–µ—Ç,–ú–∞—Ç–µ—à–∞,–ü–æ–ª–æ–∂–∏—Ç–µ–ª—å–Ω–æ,–ú–æ–ª–æ–¥–µ—Ü,"–ß—É—Ç—å –ª—É—á—à–µ, —á–µ–º –Ω–∏—á–µ–≥–æ",–ù–µ—Ç,"–ë–æ–µ–≤–∏–∫, –ö–æ–º–µ–¥–∏—è, –ò—Å—Ç–æ—Ä–∏—á–µ—Å–∫–∏–π —Ñ–∏–ª—å–º, –§–∏–ª—å–º —É–∂–∞—Å–æ–≤, –§–∞–Ω—Ç–∞—Å—Ç–∏–∫–∞"
09.06.2019 23:38:11,–ú–∞–ª—å—á–∏–∫,–†–∞–∑–≤–µ —á—Ç–æ –ø–æ –¥–µ–ª—É,0,–ù–µ–Ω–∞–≤–∏–∂—É –ê–±—É,–ê–ª—å—Ç–µ—Ä–Ω–∞—Ç–∏–≤–Ω–∞—è,–°—ã—á–µ–≤–∞—Ç—å,7,7,7,–Ø –ø—Ä–æ—Å—Ç–æ –±–æ—é—Å—å –µ–≤—Ä–µ–µ–≤,–ú–∞—Ç–µ—à–∞,–ú–Ω–µ –≤—Å—ë —Ä–∞–≤–Ω–æ,–∫—Ä–∞–±,"–ß—É—Ç—å –ª—É—á—à–µ, —á–µ–º –Ω–∏—á–µ–≥–æ","–ê –∫–æ–ª–±–∞—Å–∞ –∫–∞–∫–∞—è, –∫–æ–ª–±–∞—Å–∞...","–î–µ—Ç–µ–∫—Ç–∏–≤, –ê–Ω–∏–º–µ, –ö–æ–º–µ–¥–∏—è, –§–∞–Ω—Ç–∞—Å—Ç–∏–∫–∞"
09.06.2019 23:38:16,–ú–∞–ª—å—á–∏–∫,–†–∞–∑–≤–µ —á—Ç–æ –ø–æ –¥–µ–ª—É,1,–ù–µ–Ω–∞–≤–∏–∂—É –ê–±—É,–ì–µ—Ç–µ—Ä–æ,–°—ã—á–µ–≤–∞—Ç—å,2,2,0,–î–∞,–ò–Ω–æ—Å—Ç—Ä–∞–Ω–Ω—ã–µ —è–∑—ã–∫–∏,–û—Ç—Ä–∏—Ü–∞—Ç–µ–ª—å–Ω–æ,"–ü–æ–ª–∏—Ç–∏–∫, –ª–∏–¥–µ—Ä –∏ –±–æ–µ—Ü",–ù–≠–ô–¢–ò–í –ò–ù–ì–õ–ò–® –°–ü–ò–ö–ï–†,–ù–µ—Ç,"–î—Ä–∞–º–∞, –¢—Ä–∞–≥–µ–¥–∏—è, –§–∏–ª—å–º —É–∂–∞—Å–æ–≤, –§–∞–Ω—Ç–∞—Å—Ç–∏–∫–∞"
09.06.2019 23:38:31,–ú–∞–ª—å—á–∏–∫,–†–∞–∑–≤–µ —á—Ç–æ –ø–æ –¥–µ–ª—É,3,–õ—É—á—à–∞—è –±–æ—Ä–¥–∞ —Ä—É–Ω–µ—Ç–∞,–ì–µ—Ç–µ—Ä–æ,–ì—É–ª—è—Ç—å,6,4,6,–Ø –ø—Ä–æ—Å—Ç–æ –±–æ—é—Å—å –µ–≤—Ä–µ–µ–≤,–ò–Ω—Ñ–æ—Ä–º–∞—Ç–∏–∫–∞,–û—Ç—Ä–∏—Ü–∞—Ç–µ–ª—å–Ω–æ,"–ü–æ–ª–∏—Ç–∏–∫, –ª–∏–¥–µ—Ä –∏ –±–æ–µ—Ü","–ß—É—Ç—å –ª—É—á—à–µ, —á–µ–º –Ω–∏—á–µ–≥–æ","–ê –∫–æ–ª–±–∞—Å–∞ –∫–∞–∫–∞—è, –∫–æ–ª–±–∞—Å–∞...","–ë–æ–µ–≤–∏–∫, –ê–Ω–∏–º–µ, –ö–æ–º–µ–¥–∏—è, –§–∏–ª—å–º —É–∂–∞—Å–æ–≤, –§–∞–Ω—Ç–∞—Å—Ç–∏–∫–∞"
09.06.2019 23:39:54,–ú–∞–ª—å—á–∏–∫,–ù–µ –±–∏–ª–∏,0,–õ—É—á—à–∞—è –±–æ—Ä–¥–∞ —Ä—É–Ω–µ—Ç–∞,–ì–µ—Ç–µ—Ä–æ,–°—ã—á–µ–≤–∞—Ç—å,4,5,4,–ù–µ—Ç,–ò–Ω—Ñ–æ—Ä–º–∞—Ç–∏–∫–∞,–ü–æ–ª–æ–∂–∏—Ç–µ–ª—å–Ω–æ,–ú–æ–ª–æ–¥–µ—Ü,–ù–≠–ô–¢–ò–í –ò–ù–ì–õ–ò–® –°–ü–ò–ö–ï–†,"–ê –∫–æ–ª–±–∞—Å–∞ –∫–∞–∫–∞—è, –∫–æ–ª–±–∞—Å–∞...","–ë–æ–µ–≤–∏–∫, –î–µ—Ç–µ–∫—Ç–∏–≤, –ö–æ–º–µ–¥–∏—è, –§–∏–ª—å–º —É–∂–∞—Å–æ–≤, –§–∞–Ω—Ç–∞—Å—Ç–∏–∫–∞"
09.06.2019 23:40:47,–ú–∞–ª—å—á–∏–∫,–†–∞–∑–≤–µ —á—Ç–æ –ø–æ –¥–µ–ª—É,0,–õ—É—á—à–∞—è –±–æ—Ä–¥–∞ —Ä—É–Ω–µ—Ç–∞,–ì–µ—Ç–µ—Ä–æ,–°—ã—á–µ–≤–∞—Ç—å,7,0,3,–Ø –ø—Ä–æ—Å—Ç–æ –±–æ—é—Å—å –µ–≤—Ä–µ–µ–≤,–§–∏–∑–∏–∫–∞,–ü–æ–ª–æ–∂–∏—Ç–µ–ª—å–Ω–æ,"–ü–æ–ª–∏—Ç–∏–∫, –ª–∏–¥–µ—Ä –∏ –±–æ–µ—Ü",–•–æ—Ä–æ—à–æ,–ù–µ—Ç,"–î—Ä–∞–º–∞, –ö–æ–º–µ–¥–∏—è, –ò—Å—Ç–æ—Ä–∏—á–µ—Å–∫–∏–π —Ñ–∏–ª—å–º, –¢—Ä–∞–≥–µ–¥–∏—è"
09.06.2019 23:41:51,–ú–∞–ª—å—á–∏–∫,–†–∞–∑–≤–µ —á—Ç–æ –ø–æ –¥–µ–ª—É,4,–ù–µ–Ω–∞–≤–∏–∂—É –ê–±—É,–ë–∏,–°—ã—á–µ–≤–∞—Ç—å,7,5,1,–ù–µ—Ç,–ë–∏–æ–ª–æ–≥–∏—è,–û—Ç—Ä–∏—Ü–∞—Ç–µ–ª—å–Ω–æ,–∫—Ä–∞–±,–û—Ç–ª–∏—á–Ω–æ,–ù–µ—Ç,"–ê–Ω–∏–º–µ, –§–∏–ª—å–º —É–∂–∞—Å–æ–≤, –§–∞–Ω—Ç–∞—Å—Ç–∏–∫–∞"
09.06.2019 23:42:00,–î–µ–≤–æ—á–∫–∞,–†–∞–∑–≤–µ —á—Ç–æ –ø–æ –¥–µ–ª—É,0,–ü–∞–±–ª–∏–∫ –≤ –≤–∫,–ì–µ—Ç–µ—Ä–æ,–°—ã—á–µ–≤–∞—Ç—å,4,2,4,–ù–µ—Ç,–ú–∞—Ç–µ—à–∞,–ú–Ω–µ –≤—Å—ë —Ä–∞–≤–Ω–æ,–ú–æ–ª–æ–¥–µ—Ü,–ù–æ—Ä–º–∞–ª—å–Ω–æ,"–ê –∫–æ–ª–±–∞—Å–∞ –∫–∞–∫–∞—è, –∫–æ–ª–±–∞—Å–∞...","–î–µ—Ç–µ–∫—Ç–∏–≤, –ö–æ–º–µ–¥–∏—è, –ò—Å—Ç–æ—Ä–∏—á–µ—Å–∫–∏–π —Ñ–∏–ª—å–º, –§–∞–Ω—Ç–∞—Å—Ç–∏–∫–∞"
09.06.2019 23:42:26,–ú–∞–ª—å—á–∏–∫,–†–∞–∑–≤–µ —á—Ç–æ –ø–æ –¥–µ–ª—É,0,–ù–µ –∑–Ω–∞—é,–ì–µ—Ç–µ—Ä–æ,–°—ã—á–µ–≤–∞—Ç—å,7,7,2,–ù–µ—Ç,–ò–Ω—Ñ–æ—Ä–º–∞—Ç–∏–∫–∞,–ú–Ω–µ –≤—Å—ë —Ä–∞–≤–Ω–æ,–ü–¥—Ä. –ì–ª–∞—Å–Ω—ã–µ —Å–∞–º–∏ —Ä–∞—Å—Å—Ç–∞–≤–∏—Ç–µ.,–û—Ä–∏–≥–∞—Ç–æ—ë –≥–∞–π–∑–∞–π–º–∞—Å,"–ê –∫–æ–ª–±–∞—Å–∞ –∫–∞–∫–∞—è, –∫–æ–ª–±–∞—Å–∞...",–ê–Ω–∏–º–µ
09.06.2019 23:42:50,–ú–∞–ª—å—á–∏–∫,–†–∞–∑–≤–µ —á—Ç–æ –ø–æ –¥–µ–ª—É,1,–ù–µ–Ω–∞–≤–∏–∂—É –ê–±—É,–ë–∏,–°—ã—á–µ–≤–∞—Ç—å,7,3,1,–Ø –ø—Ä–æ—Å—Ç–æ –±–æ—é—Å—å –µ–≤—Ä–µ–µ–≤,–ú–∞—Ç–µ—à–∞,–û—Ç—Ä–∏—Ü–∞—Ç–µ–ª—å–Ω–æ,–ü—ë—Å,–ù–≠–ô–¢–ò–í –ò–ù–ì–õ–ò–® –°–ü–ò–ö–ï–†,–ù–µ—Ç,"–ë–æ–µ–≤–∏–∫, –î–µ—Ç–µ–∫—Ç–∏–≤, –ê–Ω–∏–º–µ, –î—Ä–∞–º–∞, –ö–æ–º–µ–¥–∏—è, –ú–µ–ª–æ–¥—Ä–∞–º–∞, –ò—Å—Ç–æ—Ä–∏—á–µ—Å–∫–∏–π —Ñ–∏–ª—å–º, –¢—Ä–∞–≥–µ–¥–∏—è, –§–∏–ª—å–º —É–∂–∞—Å–æ–≤, –§–∞–Ω—Ç–∞—Å—Ç–∏–∫–∞"
09.06.2019 23:43:08,–ú–∞–ª—å—á–∏–∫,–†–∞–∑–≤–µ —á—Ç–æ –ø–æ –¥–µ–ª—É,3,–õ—É—á—à–∞—è –±–æ—Ä–¥–∞ —Ä—É–Ω–µ—Ç–∞,–ë–∏,–°—ã—á–µ–≤–∞—Ç—å,2,4,2,–Ø –ø—Ä–æ—Å—Ç–æ –±–æ—é—Å—å –µ–≤—Ä–µ–µ–≤,–ò–Ω—Ñ–æ—Ä–º–∞—Ç–∏–∫–∞,–ú–Ω–µ –≤—Å—ë —Ä–∞–≤–Ω–æ,–ö—Ä–∞—Å–∞–≤—á–∏–∫,"–ß—É—Ç—å –ª—É—á—à–µ, —á–µ–º –Ω–∏—á–µ–≥–æ",–ù–µ—Ç,"–ë–æ–µ–≤–∏–∫, –î–µ—Ç–µ–∫—Ç–∏–≤, –ê–Ω–∏–º–µ, –î—Ä–∞–º–∞, –ö–æ–º–µ–¥–∏—è, –§–∏–ª—å–º —É–∂–∞—Å–æ–≤"
09.06.2019 23:47:00,–ú–∞–ª—å—á–∏–∫,–†–∞–∑–≤–µ —á—Ç–æ –ø–æ –¥–µ–ª—É,1,–ü–∞–±–ª–∏–∫ –≤ –≤–∫,–ì–µ—Ç–µ—Ä–æ,–°—ã—á–µ–≤–∞—Ç—å,2,1,1,–ù–µ—Ç,–ú–∞—Ç–µ—à–∞,–ü–æ–ª–æ–∂–∏—Ç–µ–ª—å–Ω–æ,–ú–æ–ª–æ–¥–µ—Ü,–ù–≠–ô–¢–ò–í –ò–ù–ì–õ–ò–® –°–ü–ò–ö–ï–†,–ù–µ—Ç,"–î—Ä–∞–º–∞, –§–∏–ª—å–º —É–∂–∞—Å–æ–≤"
09.06.2019 23:47:48,–î–µ–≤–æ—á–∫–∞,–ù–µ –±–∏–ª–∏,3,–ù–µ –∑–Ω–∞—é,–ê–ª—å—Ç–µ—Ä–Ω–∞—Ç–∏–≤–Ω–∞—è,–°—ã—á–µ–≤–∞—Ç—å,2,2,2,–ù–µ—Ç,–ò–Ω—Ñ–æ—Ä–º–∞—Ç–∏–∫–∞,–ú–Ω–µ –≤—Å—ë —Ä–∞–≤–Ω–æ,–ü—Ä–µ–∑–∏–¥–µ–Ω—Ç –†–§ –¥–æ ???? –≥–æ–¥–∞,–û—Ä–∏–≥–∞—Ç–æ—ë –≥–∞–π–∑–∞–π–º–∞—Å,–ù–µ—Ç,"–î–µ—Ç–µ–∫—Ç–∏–≤, –ê–Ω–∏–º–µ, –§–∞–Ω—Ç–∞—Å—Ç–∏–∫–∞"
09.06.2019 23:48:47,–ú–∞–ª—å—á–∏–∫,–ù–µ –±–∏–ª–∏,3,–õ—É—á—à–∞—è –±–æ—Ä–¥–∞ —Ä—É–Ω–µ—Ç–∞,–ì–µ—Ç–µ—Ä–æ,–°—ã—á–µ–≤–∞—Ç—å,5,5,1,–ù–µ—Ç,–ò–Ω—Ñ–æ—Ä–º–∞—Ç–∏–∫–∞,–û—Ç—Ä–∏—Ü–∞—Ç–µ–ª—å–Ω–æ,–Ø –Ω–µ —Ö–æ—á—É —Å–∏–¥–µ—Ç—å –ø–æ—ç—Ç–æ–º—É –ø—Ä–æ–º–æ–ª—á—É ,"–ß—É—Ç—å –ª—É—á—à–µ, —á–µ–º –Ω–∏—á–µ–≥–æ",–ù–µ—Ç,"–î–µ—Ç–µ–∫—Ç–∏–≤, –ê–Ω–∏–º–µ, –î—Ä–∞–º–∞, –ö–æ–º–µ–¥–∏—è, –¢—Ä–∞–≥–µ–¥–∏—è, –§–∞–Ω—Ç–∞—Å—Ç–∏–∫–∞"
09.06.2019 23:49:16,–ú–∞–ª—å—á–∏–∫,–ù–µ –±–∏–ª–∏,5,–ù–µ–Ω–∞–≤–∏–∂—É –ê–±—É,–ì–µ—Ç–µ—Ä–æ,–ì—É–ª—è—Ç—å,5,7,7,–Ø –ø—Ä–æ—Å—Ç–æ –±–æ—é—Å—å –µ–≤—Ä–µ–µ–≤,–ò–Ω—Ñ–æ—Ä–º–∞—Ç–∏–∫–∞,–ú–Ω–µ –≤—Å—ë —Ä–∞–≤–Ω–æ,–¶–∞—Ä—å,–û—Ä–∏–≥–∞—Ç–æ—ë –≥–∞–π–∑–∞–π–º–∞—Å,"–ê –∫–æ–ª–±–∞—Å–∞ –∫–∞–∫–∞—è, –∫–æ–ª–±–∞—Å–∞...",–ê–Ω–∏–º–µ
09.06.2019 23:51:32,–ú–∞–ª—å—á–∏–∫,–†–∞–∑–≤–µ —á—Ç–æ –ø–æ –¥–µ–ª—É,1,–õ—É—á—à–∞—è –±–æ—Ä–¥–∞ —Ä—É–Ω–µ—Ç–∞,–ì–µ—Ç–µ—Ä–æ,–ì—É–ª—è—Ç—å,4,4,1,–ù–µ—Ç,–ú–∞—Ç–µ—à–∞,–ú–Ω–µ –≤—Å—ë —Ä–∞–≤–Ω–æ,"–ü–æ–ª–∏—Ç–∏–∫, –ª–∏–¥–µ—Ä –∏ –±–æ–µ—Ü","–ß—É—Ç—å –ª—É—á—à–µ, —á–µ–º –Ω–∏—á–µ–≥–æ",–ù–µ—Ç,"–î–µ—Ç–µ–∫—Ç–∏–≤, –î—Ä–∞–º–∞, –ö–æ–º–µ–¥–∏—è, –ú–µ–ª–æ–¥—Ä–∞–º–∞, –§–∞–Ω—Ç–∞—Å—Ç–∏–∫–∞"
09.06.2019 23:51:35,–ú–∞–ª—å—á–∏–∫,–ß–∞—Å—Ç–æ,0,–ù–µ–Ω–∞–≤–∏–∂—É –ê–±—É,–ì–µ—Ç–µ—Ä–æ,–°—ã—á–µ–≤–∞—Ç—å,3,1,0,–ù–µ—Ç,–ò–Ω–æ—Å—Ç—Ä–∞–Ω–Ω—ã–µ —è–∑—ã–∫–∏,–ú–Ω–µ –≤—Å—ë —Ä–∞–≤–Ω–æ,"–ü–æ–ª–∏—Ç–∏–∫, –ª–∏–¥–µ—Ä –∏ –±–æ–µ—Ü",–û—Ä–∏–≥–∞—Ç–æ—ë –≥–∞–π–∑–∞–π–º–∞—Å,"–ê –∫–æ–ª–±–∞—Å–∞ –∫–∞–∫–∞—è, –∫–æ–ª–±–∞—Å–∞...","–ê–Ω–∏–º–µ, –ö–æ–º–µ–¥–∏—è, –ú–µ–ª–æ–¥—Ä–∞–º–∞, –§–∏–ª—å–º —É–∂–∞—Å–æ–≤"
09.06.2019 23:52:05,–ú–∞–ª—å—á–∏–∫,–ß–∞—Å—Ç–æ,0,–ù–µ–Ω–∞–≤–∏–∂—É –ê–±—É,–ê–ª—å—Ç–µ—Ä–Ω–∞—Ç–∏–≤–Ω–∞—è,–°—ã—á–µ–≤–∞—Ç—å,5,0,3,–Ø –ø—Ä–æ—Å—Ç–æ –±–æ—é—Å—å –µ–≤—Ä–µ–µ–≤,–ò–Ω—Ñ–æ—Ä–º–∞—Ç–∏–∫–∞,–ú–Ω–µ –≤—Å—ë —Ä–∞–≤–Ω–æ,"–ü–æ–ª–∏—Ç–∏–∫, –ª–∏–¥–µ—Ä –∏ –±–æ–µ—Ü",–ù–≠–ô–¢–ò–í –ò–ù–ì–õ–ò–® –°–ü–ò–ö–ï–†,–ù–µ—Ç,–ê–Ω–∏–º–µ
09.06.2019 23:52:20,–î–µ–≤–æ—á–∫–∞,–ù–µ –±–∏–ª–∏,2,–ù–µ–Ω–∞–≤–∏–∂—É –ê–±—É,–ì–µ—Ç–µ—Ä–æ,–°—ã—á–µ–≤–∞—Ç—å,3,5,1,–ù–µ—Ç,–ò–Ω–æ—Å—Ç—Ä–∞–Ω–Ω—ã–µ —è–∑—ã–∫–∏,–û—Ç—Ä–∏—Ü–∞—Ç–µ–ª—å–Ω–æ,"–ü–æ–ª–∏—Ç–∏–∫, –ª–∏–¥–µ—Ä –∏ –±–æ–µ—Ü",–û—Ç–ª–∏—á–Ω–æ,–ù–µ—Ç,"–î–µ—Ç–µ–∫—Ç–∏–≤, –î—Ä–∞–º–∞, –ö–æ–º–µ–¥–∏—è, –ú–µ–ª–æ–¥—Ä–∞–º–∞, –¢—Ä–∞–≥–µ–¥–∏—è"
09.06.2019 23:53:23,–î–µ–≤–æ—á–∫–∞,–ù–µ –±–∏–ª–∏,4,–ü–∞–±–ª–∏–∫ –≤ –≤–∫,–ì–µ—Ç–µ—Ä–æ,–°—ã—á–µ–≤–∞—Ç—å,0,3,6,–ù–µ—Ç,–õ–∏—Ç–µ—Ä–∞—Ç—É—Ä–∞,–ú–Ω–µ –≤—Å—ë —Ä–∞–≤–Ω–æ,–ú–æ–ª–æ–¥–µ—Ü,"–ß—É—Ç—å –ª—É—á—à–µ, —á–µ–º –Ω–∏—á–µ–≥–æ","–ê –∫–æ–ª–±–∞—Å–∞ –∫–∞–∫–∞—è, –∫–æ–ª–±–∞—Å–∞...","–î–µ—Ç–µ–∫—Ç–∏–≤, –î—Ä–∞–º–∞, –ö–æ–º–µ–¥–∏—è, –ú–µ–ª–æ–¥—Ä–∞–º–∞, –ò—Å—Ç–æ—Ä–∏—á–µ—Å–∫–∏–π —Ñ–∏–ª—å–º, –§–∏–ª—å–º —É–∂–∞—Å–æ–≤, –§–∞–Ω—Ç–∞—Å—Ç–∏–∫–∞"
09.06.2019 23:54:36,–ú–∞–ª—å—á–∏–∫,–†–∞–∑–≤–µ —á—Ç–æ –ø–æ –¥–µ–ª—É,0,–õ—É—á—à–∞—è –±–æ—Ä–¥–∞ —Ä—É–Ω–µ—Ç–∞,–ì–µ—Ç–µ—Ä–æ,–°—ã—á–µ–≤–∞—Ç—å,7,0,0,–î–∞,–ú–∞—Ç–µ—à–∞,–ü–æ–ª–æ–∂–∏—Ç–µ–ª—å–Ω–æ,leatherman,–û—Ç–ª–∏—á–Ω–æ,–ù–µ—Ç,"–ö–æ–º–µ–¥–∏—è, –§–∞–Ω—Ç–∞—Å—Ç–∏–∫–∞"
09.06.2019 23:57:23,–ú–∞–ª—å—á–∏–∫,–†–∞–∑–≤–µ —á—Ç–æ –ø–æ –¥–µ–ª—É,0,–ü–∞–±–ª–∏–∫ –≤ –≤–∫,–ê–ª—å—Ç–µ—Ä–Ω–∞—Ç–∏–≤–Ω–∞—è,–°—ã—á–µ–≤–∞—Ç—å,0,3,1,–Ø –ø—Ä–æ—Å—Ç–æ –±–æ—é—Å—å –µ–≤—Ä–µ–µ–≤,–ò–Ω—Ñ–æ—Ä–º–∞—Ç–∏–∫–∞,–ú–Ω–µ –≤—Å—ë —Ä–∞–≤–Ω–æ,–•–∑ –∫—Ç–æ —Ç–∞–∫–æ–π,"–ß—É—Ç—å –ª—É—á—à–µ, —á–µ–º –Ω–∏—á–µ–≥–æ","–ê –∫–æ–ª–±–∞—Å–∞ –∫–∞–∫–∞—è, –∫–æ–ª–±–∞—Å–∞...","–ë–æ–µ–≤–∏–∫, –î–µ—Ç–µ–∫—Ç–∏–≤, –î—Ä–∞–º–∞, –ö–æ–º–µ–¥–∏—è, –ú–µ–ª–æ–¥—Ä–∞–º–∞, –¢—Ä–∞–≥–µ–¥–∏—è, –§–∏–ª—å–º —É–∂–∞—Å–æ–≤, –§–∞–Ω—Ç–∞—Å—Ç–∏–∫–∞"
09.06.2019 23:57:38,–ú–∞–ª—å—á–∏–∫,–ù–µ –±–∏–ª–∏,1,–õ—É—á—à–∞—è –±–æ—Ä–¥–∞ —Ä—É–Ω–µ—Ç–∞,–ì–µ—Ç–µ—Ä–æ,–°—ã—á–µ–≤–∞—Ç—å,4,3,1,–ù–µ—Ç,–ò–Ω—Ñ–æ—Ä–º–∞—Ç–∏–∫–∞,–ú–Ω–µ –≤—Å—ë —Ä–∞–≤–Ω–æ,–ú–æ–ª–æ–¥–µ—Ü,"–ß—É—Ç—å –ª—É—á—à–µ, —á–µ–º –Ω–∏—á–µ–≥–æ",–ù–µ—Ç,"–ë–æ–µ–≤–∏–∫, –î–µ—Ç–µ–∫—Ç–∏–≤, –ö–æ–º–µ–¥–∏—è, –¢—Ä–∞–≥–µ–¥–∏—è, –§–∏–ª—å–º —É–∂–∞—Å–æ–≤, –§–∞–Ω—Ç–∞—Å—Ç–∏–∫–∞"
09.06.2019 23:59:58,–ú–∞–ª—å—á–∏–∫,–ù–µ –±–∏–ª–∏,1,–ù–µ –∑–Ω–∞—é,–ì–µ—Ç–µ—Ä–æ,–°—ã—á–µ–≤–∞—Ç—å,5,0,0,–Ø –ø—Ä–æ—Å—Ç–æ –±–æ—é—Å—å –µ–≤—Ä–µ–µ–≤,–ò–Ω—Ñ–æ—Ä–º–∞—Ç–∏–∫–∞,–ú–Ω–µ –≤—Å—ë —Ä–∞–≤–Ω–æ,"–ü–æ–ª–∏—Ç–∏–∫, –ª–∏–¥–µ—Ä –∏ –±–æ–µ—Ü",–û—Ä–∏–≥–∞—Ç–æ—ë –≥–∞–π–∑–∞–π–º–∞—Å,"–ê –∫–æ–ª–±–∞—Å–∞ –∫–∞–∫–∞—è, –∫–æ–ª–±–∞—Å–∞...",–ê–Ω–∏–º–µ
10.06.2019 0:00:05,–î–µ–≤–æ—á–∫–∞,–ù–µ –±–∏–ª–∏,1,–ü–∞–±–ª–∏–∫ –≤ –≤–∫,–ì–µ—Ç–µ—Ä–æ,–°—ã—á–µ–≤–∞—Ç—å,0,3,5,–ù–µ—Ç,–ò—Å—Ç–æ—Ä–∏—è,–ú–Ω–µ –≤—Å—ë —Ä–∞–≤–Ω–æ,"–ü–æ–ª–∏—Ç–∏–∫, –ª–∏–¥–µ—Ä –∏ –±–æ–µ—Ü",–ù–æ—Ä–º–∞–ª—å–Ω–æ,–ù–µ—Ç,"–î–µ—Ç–µ–∫—Ç–∏–≤, –î—Ä–∞–º–∞, –ö–æ–º–µ–¥–∏—è, –ú–µ–ª–æ–¥—Ä–∞–º–∞, –ò—Å—Ç–æ—Ä–∏—á–µ—Å–∫–∏–π —Ñ–∏–ª—å–º, –¢—Ä–∞–≥–µ–¥–∏—è"
10.06.2019 0:00:17,–ú–∞–ª—å—á–∏–∫,–ù–µ –±–∏–ª–∏,1,–õ—É—á—à–∞—è –±–æ—Ä–¥–∞ —Ä—É–Ω–µ—Ç–∞,–ì–µ—Ç–µ—Ä–æ,–°—ã—á–µ–≤–∞—Ç—å,7,3,2,–ù–µ—Ç,–ò–Ω—Ñ–æ—Ä–º–∞—Ç–∏–∫–∞,–ú–Ω–µ –≤—Å—ë —Ä–∞–≤–Ω–æ,"–ü–æ–ª–∏—Ç–∏–µ, –ª–∏–¥–µ—Ä, –æ–≥—É—Ä–µ—Ü",–û—Ä–∏–≥–∞—Ç–æ—ë –≥–∞–π–∑–∞–π–º–∞—Å,–ù–µ—Ç,"–ë–æ–µ–≤–∏–∫, –ê–Ω–∏–º–µ, –ö–æ–º–µ–¥–∏—è, –§–∞–Ω—Ç–∞—Å—Ç–∏–∫–∞"
10.06.2019 0:00:22,–ú–∞–ª—å—á–∏–∫,–ù–µ –±–∏–ª–∏,2,–õ—É—á—à–∞—è –±–æ—Ä–¥–∞ —Ä—É–Ω–µ—Ç–∞,–ê–ª—å—Ç–µ—Ä–Ω–∞—Ç–∏–≤–Ω–∞—è,–°—ã—á–µ–≤–∞—Ç—å,7,5,0,–î–∞,–ò–Ω—Ñ–æ—Ä–º–∞—Ç–∏–∫–∞,–ú–Ω–µ –≤—Å—ë —Ä–∞–≤–Ω–æ,–ú–æ–ª–æ–¥–µ—Ü,–û—Ä–∏–≥–∞—Ç–æ—ë –≥–∞–π–∑–∞–π–º–∞—Å,"–ê –∫–æ–ª–±–∞—Å–∞ –∫–∞–∫–∞—è, –∫–æ–ª–±–∞—Å–∞...",–ê–Ω–∏–º–µ
10.06.2019 0:00:52,–ú–∞–ª—å—á–∏–∫,–†–∞–∑–≤–µ —á—Ç–æ –ø–æ –¥–µ–ª—É,1,–õ—É—á—à–∞—è –±–æ—Ä–¥–∞ —Ä—É–Ω–µ—Ç–∞,–ì–µ—Ç–µ—Ä–æ,–°—ã—á–µ–≤–∞—Ç—å,2,0,2,–ù–µ—Ç,–ò–Ω–æ—Å—Ç—Ä–∞–Ω–Ω—ã–µ —è–∑—ã–∫–∏,–ú–Ω–µ –≤—Å—ë —Ä–∞–≤–Ω–æ,"–ó–Ω–∞—á–∏—Ç —Ç–∞–∫. –ü—É—Ç–∏–Ω, –≤ –ø–µ—Ä–≤—É—é –æ—á–µ—Ä–µ–¥—å, –ø—Ä–µ–∑–∏–¥–µ–Ω—Ç –†–§.",–û—Ç–ª–∏—á–Ω–æ,–ù–µ—Ç,"–ë–æ–µ–≤–∏–∫, –î–µ—Ç–µ–∫—Ç–∏–≤, –ê–Ω–∏–º–µ, –î—Ä–∞–º–∞, –ö–æ–º–µ–¥–∏—è, –ú–µ–ª–æ–¥—Ä–∞–º–∞, –ò—Å—Ç–æ—Ä–∏—á–µ—Å–∫–∏–π —Ñ–∏–ª—å–º, –¢—Ä–∞–≥–µ–¥–∏—è, –§–∏–ª—å–º —É–∂–∞—Å–æ–≤, –§–∞–Ω—Ç–∞—Å—Ç–∏–∫–∞"
10.06.2019 0:01:37,–ú–∞–ª—å—á–∏–∫,–ù–µ –±–∏–ª–∏,3,–ù–µ–Ω–∞–≤–∏–∂—É –ê–±—É,–ì–µ—Ç–µ—Ä–æ,–ì—É–ª—è—Ç—å,5,0,1,–ù–µ—Ç,–ú–∞—Ç–µ—à–∞,–û—Ç—Ä–∏—Ü–∞—Ç–µ–ª—å–Ω–æ,"–ü–æ–ª–∏—Ç–∏–∫, –ª–∏–¥–µ—Ä –∏ –±–æ–µ—Ü","–ß—É—Ç—å –ª—É—á—à–µ, —á–µ–º –Ω–∏—á–µ–≥–æ","–ê –∫–æ–ª–±–∞—Å–∞ –∫–∞–∫–∞—è, –∫–æ–ª–±–∞—Å–∞...",–ö–æ–º–µ–¥–∏—è
10.06.2019 0:04:43,–ú–∞–ª—å—á–∏–∫,–†–∞–∑–≤–µ —á—Ç–æ –ø–æ –¥–µ–ª—É,1,–ù–µ –∑–Ω–∞—é,–ì–µ—Ç–µ—Ä–æ,–°—ã—á–µ–≤–∞—Ç—å,7,2,7,–ù–µ—Ç,–ò—Å—Ç–æ—Ä–∏—è,–ú–Ω–µ –≤—Å—ë —Ä–∞–≤–Ω–æ,"–ü–æ–ª–∏—Ç–∏–∫, –ª–∏–¥–µ—Ä –∏ –±–æ–µ—Ü","–ß—É—Ç—å –ª—É—á—à–µ, —á–µ–º –Ω–∏—á–µ–≥–æ","–ê –∫–æ–ª–±–∞—Å–∞ –∫–∞–∫–∞—è, –∫–æ–ª–±–∞—Å–∞...",–§–∞–Ω—Ç–∞—Å—Ç–∏–∫–∞
10.06.2019 0:05:28,–ú–∞–ª—å—á–∏–∫,–ù–µ –±–∏–ª–∏,0,–ü–∞–±–ª–∏–∫ –≤ –≤–∫,–ì–µ—Ç–µ—Ä–æ,–°—ã—á–µ–≤–∞—Ç—å,3,1,1,–ù–µ—Ç,–ò—Å—Ç–æ—Ä–∏—è,–ú–Ω–µ –≤—Å—ë —Ä–∞–≤–Ω–æ,"–ü–æ–ª–∏—Ç–∏–∫, –ª–∏–¥–µ—Ä –∏ –±–æ–µ—Ü","–ß—É—Ç—å –ª—É—á—à–µ, —á–µ–º –Ω–∏—á–µ–≥–æ","–ê –∫–æ–ª–±–∞—Å–∞ –∫–∞–∫–∞—è, –∫–æ–ª–±–∞—Å–∞...","–î–µ—Ç–µ–∫—Ç–∏–≤, –ö–æ–º–µ–¥–∏—è"
10.06.2019 0:08:17,–î–µ–≤–æ—á–∫–∞,–†–∞–∑–≤–µ —á—Ç–æ –ø–æ –¥–µ–ª—É,3,–ü–∞–±–ª–∏–∫ –≤ –≤–∫,–ì–µ—Ç–µ—Ä–æ,–ì—É–ª—è—Ç—å,0,2,1,–ù–µ—Ç,–ò–Ω–æ—Å—Ç—Ä–∞–Ω–Ω—ã–µ —è–∑—ã–∫–∏,–ü–æ–ª–æ–∂–∏—Ç–µ–ª—å–Ω–æ,"–ü–æ–ª–∏—Ç–∏–∫, –ª–∏–¥–µ—Ä –∏ –±–æ–µ—Ü",–ù–æ—Ä–º–∞–ª—å–Ω–æ,–ù–µ—Ç,"–î–µ—Ç–µ–∫—Ç–∏–≤, –î—Ä–∞–º–∞, –ö–æ–º–µ–¥–∏—è, –ò—Å—Ç–æ—Ä–∏—á–µ—Å–∫–∏–π —Ñ–∏–ª—å–º, –¢—Ä–∞–≥–µ–¥–∏—è"
10.06.2019 0:10:48,–ú–∞–ª—å—á–∏–∫,–†–∞–∑–≤–µ —á—Ç–æ –ø–æ –¥–µ–ª—É,4,–õ—É—á—à–∞—è –±–æ—Ä–¥–∞ —Ä—É–Ω–µ—Ç–∞,–ì–µ—Ç–µ—Ä–æ,–ì—É–ª—è—Ç—å,7,1,4,–ù–µ—Ç,–•–∏–º–∏—è,–ú–Ω–µ –≤—Å—ë —Ä–∞–≤–Ω–æ,"–ü–æ–ª–∏—Ç–∏–∫, –ª–∏–¥–µ—Ä –∏ –±–æ–µ—Ü",–•–æ—Ä–æ—à–æ,–ù–µ—Ç,"–î—Ä–∞–º–∞, –ö–æ–º–µ–¥–∏—è, –§–∞–Ω—Ç–∞—Å—Ç–∏–∫–∞"
10.06.2019 0:11:34,–ú–∞–ª—å—á–∏–∫,–ù–µ –±–∏–ª–∏,1,–ü–∞–±–ª–∏–∫ –≤ –≤–∫,–ì–µ—Ç–µ—Ä–æ,–°—ã—á–µ–≤–∞—Ç—å,2,7,4,–ù–µ—Ç,–§–∏–∑–∏–∫–∞,–ú–Ω–µ –≤—Å—ë —Ä–∞–≤–Ω–æ,–ü—Ä–æ—Å—Ç–æ –¥—Ä—É–≥–æ–µ,–ù–æ—Ä–º–∞–ª—å–Ω–æ,–ù–µ—Ç,"–ë–æ–µ–≤–∏–∫, –î—Ä–∞–º–∞, –ö–æ–º–µ–¥–∏—è, –§–∞–Ω—Ç–∞—Å—Ç–∏–∫–∞"
10.06.2019 0:13:20,–ú–∞–ª—å—á–∏–∫,–ù–µ –±–∏–ª–∏,0,–õ—É—á—à–∞—è –±–æ—Ä–¥–∞ —Ä—É–Ω–µ—Ç–∞,–ì–µ—Ç–µ—Ä–æ,–°—ã—á–µ–≤–∞—Ç—å,3,5,0,–ù–µ—Ç,–ò–Ω—Ñ–æ—Ä–º–∞—Ç–∏–∫–∞,–ú–Ω–µ –≤—Å—ë —Ä–∞–≤–Ω–æ,"–ü–æ–ª–∏—Ç–∏–∫, –ª–∏–¥–µ—Ä –∏ –±–æ–µ—Ü",–ù–æ—Ä–º–∞–ª—å–Ω–æ,"–ê –∫–æ–ª–±–∞—Å–∞ –∫–∞–∫–∞—è, –∫–æ–ª–±–∞—Å–∞...","–ë–æ–µ–≤–∏–∫, –î–µ—Ç–µ–∫—Ç–∏–≤, –î—Ä–∞–º–∞, –ö–æ–º–µ–¥–∏—è, –¢—Ä–∞–≥–µ–¥–∏—è, –§–∞–Ω—Ç–∞—Å—Ç–∏–∫–∞"
10.06.2019 0:14:34,–ú–∞–ª—å—á–∏–∫,–†–∞–∑–≤–µ —á—Ç–æ –ø–æ –¥–µ–ª—É,3,–õ—É—á—à–∞—è –±–æ—Ä–¥–∞ —Ä—É–Ω–µ—Ç–∞,–ì–µ—Ç–µ—Ä–æ,–°—ã—á–µ–≤–∞—Ç—å,5,7,2,–ù–µ—Ç,–õ–∏—Ç–µ—Ä–∞—Ç—É—Ä–∞,–ú–Ω–µ –≤—Å—ë —Ä–∞–≤–Ω–æ,–í–ª–∞–¥–∏–º–∏—Ä–æ–≤–∏—á,"–ß—É—Ç—å –ª—É—á—à–µ, —á–µ–º –Ω–∏—á–µ–≥–æ","–ê –∫–æ–ª–±–∞—Å–∞ –∫–∞–∫–∞—è, –∫–æ–ª–±–∞—Å–∞...","–ë–æ–µ–≤–∏–∫, –î–µ—Ç–µ–∫—Ç–∏–≤, –ê–Ω–∏–º–µ, –î—Ä–∞–º–∞, –ö–æ–º–µ–¥–∏—è, –ú–µ–ª–æ–¥—Ä–∞–º–∞, –¢—Ä–∞–≥–µ–¥–∏—è, –§–∏–ª—å–º —É–∂–∞—Å–æ–≤, –§–∞–Ω—Ç–∞—Å—Ç–∏–∫–∞"
10.06.2019 0:17:25,–î–µ–≤–æ—á–∫–∞,–†–∞–∑–≤–µ —á—Ç–æ –ø–æ –¥–µ–ª—É,2,–ü–∞–±–ª–∏–∫ –≤ –≤–∫,–ì–µ—Ç–µ—Ä–æ,–°—ã—á–µ–≤–∞—Ç—å,0,5,3,–ù–µ—Ç,–ò–Ω–æ—Å—Ç—Ä–∞–Ω–Ω—ã–µ —è–∑—ã–∫–∏,–ü–æ–ª–æ–∂–∏—Ç–µ–ª—å–Ω–æ,"–ü–æ–ª–∏—Ç–∏–∫, –ª–∏–¥–µ—Ä –∏ –±–æ–µ—Ü",–û—Ç–ª–∏—á–Ω–æ,–ù–µ—Ç,"–î–µ—Ç–µ–∫—Ç–∏–≤, –î—Ä–∞–º–∞, –ö–æ–º–µ–¥–∏—è, –ú–µ–ª–æ–¥—Ä–∞–º–∞, –§–∏–ª—å–º —É–∂–∞—Å–æ–≤, –§–∞–Ω—Ç–∞—Å—Ç–∏–∫–∞"
10.06.2019 0:20:01,–ú–∞–ª—å—á–∏–∫,–ù–µ –±–∏–ª–∏,1,–õ—É—á—à–∞—è –±–æ—Ä–¥–∞ —Ä—É–Ω–µ—Ç–∞,–ì–µ—Ç–µ—Ä–æ,–°—ã—á–µ–≤–∞—Ç—å,5,2,0,–ù–µ—Ç,–ò–Ω—Ñ–æ—Ä–º–∞—Ç–∏–∫–∞,–ú–Ω–µ –≤—Å—ë —Ä–∞–≤–Ω–æ,–•—É–π,–û—Ä–∏–≥–∞—Ç–æ—ë –≥–∞–π–∑–∞–π–º–∞—Å,"–ê –∫–æ–ª–±–∞—Å–∞ –∫–∞–∫–∞—è, –∫–æ–ª–±–∞—Å–∞...","–ê–Ω–∏–º–µ, –î—Ä–∞–º–∞, –§–∞–Ω—Ç–∞—Å—Ç–∏–∫–∞"
10.06.2019 0:37:22,–ú–∞–ª—å—á–∏–∫,–ù–µ –±–∏–ª–∏,0,–ù–µ–Ω–∞–≤–∏–∂—É –ê–±—É,–ë–∏,–ì—É–ª—è—Ç—å,7,5,7,–ù–µ—Ç,–õ–∏—Ç–µ—Ä–∞—Ç—É—Ä–∞,–û—Ç—Ä–∏—Ü–∞—Ç–µ–ª—å–Ω–æ,–•—É–π–ª–æ,–•–æ—Ä–æ—à–æ,–ù–µ—Ç,"–î–µ—Ç–µ–∫—Ç–∏–≤, –ê–Ω–∏–º–µ, –î—Ä–∞–º–∞, –ö–æ–º–µ–¥–∏—è, –ò—Å—Ç–æ—Ä–∏—á–µ—Å–∫–∏–π —Ñ–∏–ª—å–º, –§–∏–ª—å–º —É–∂–∞—Å–æ–≤, –§–∞–Ω—Ç–∞—Å—Ç–∏–∫–∞"
10.06.2019 0:40:44,–î–µ–≤–æ—á–∫–∞,–ù–µ –±–∏–ª–∏,5,–õ—É—á—à–∞—è –±–æ—Ä–¥–∞ —Ä—É–Ω–µ—Ç–∞,–ê–ª—å—Ç–µ—Ä–Ω–∞—Ç–∏–≤–Ω–∞—è,–ì—É–ª—è—Ç—å,0,4,7,–Ø –ø—Ä–æ—Å—Ç–æ –±–æ—é—Å—å –µ–≤—Ä–µ–µ–≤,–§–∏–∑–∏–∫–∞,–ú–Ω–µ –≤—Å—ë —Ä–∞–≤–Ω–æ,–ö—Ä–∞—Å–Ω–æ–µ –°–æ–ª–Ω—ã—à–∫–æ,"–ß—É—Ç—å –ª—É—á—à–µ, —á–µ–º –Ω–∏—á–µ–≥–æ",–ù–µ—Ç,–ë–æ–µ–≤–∏–∫
10.06.2019 0:45:42,–î–µ–≤–æ—á–∫–∞,–†–∞–∑–≤–µ —á—Ç–æ –ø–æ –¥–µ–ª—É,0,–ü–∞–±–ª–∏–∫ –≤ –≤–∫,–ì–µ—Ç–µ—Ä–æ,–°—ã—á–µ–≤–∞—Ç—å,2,5,5,–ù–µ—Ç,–ú–∞—Ç–µ—à–∞,–ú–Ω–µ –≤—Å—ë —Ä–∞–≤–Ω–æ,–ë–µ—Å—Å–º–µ—Ä—Ç–Ω—ã–π ,–•–æ—Ä–æ—à–æ,–ù–µ—Ç,"–î–µ—Ç–µ–∫—Ç–∏–≤, –ê–Ω–∏–º–µ, –î—Ä–∞–º–∞, –ö–æ–º–µ–¥–∏—è"
10.06.2019 0:47:12,–î–µ–≤–æ—á–∫–∞,–ù–µ –±–∏–ª–∏,3,–ù–µ –∑–Ω–∞—é,–ì–µ—Ç–µ—Ä–æ,–ì—É–ª—è—Ç—å,0,2,5,–ù–µ—Ç,–ë–∏–æ–ª–æ–≥–∏—è,–ú–Ω–µ –≤—Å—ë —Ä–∞–≤–Ω–æ,-,–•–æ—Ä–æ—à–æ,–ù–µ—Ç,"–ë–æ–µ–≤–∏–∫, –î–µ—Ç–µ–∫—Ç–∏–≤, –î—Ä–∞–º–∞, –ö–æ–º–µ–¥–∏—è, –ú–µ–ª–æ–¥—Ä–∞–º–∞"
10.06.2019 0:47:22,–î–µ–≤–æ—á–∫–∞,–ù–µ –±–∏–ª–∏,3,–ù–µ –∑–Ω–∞—é,–ì–µ—Ç–µ—Ä–æ,–ì—É–ª—è—Ç—å,0,2,5,–ù–µ—Ç,–ë–∏–æ–ª–æ–≥–∏—è,–ú–Ω–µ –≤—Å—ë —Ä–∞–≤–Ω–æ,-,–•–æ—Ä–æ—à–æ,–ù–µ—Ç,"–ë–æ–µ–≤–∏–∫, –î–µ—Ç–µ–∫—Ç–∏–≤, –î—Ä–∞–º–∞, –ö–æ–º–µ–¥–∏—è, –ú–µ–ª–æ–¥—Ä–∞–º–∞"
10.06.2019 0:48:03,–î–µ–≤–æ—á–∫–∞,–†–∞–∑–≤–µ —á—Ç–æ –ø–æ –¥–µ–ª—É,3,–õ—É—á—à–∞—è –±–æ—Ä–¥–∞ —Ä—É–Ω–µ—Ç–∞,–ì–µ—Ç–µ—Ä–æ,–ì—É–ª—è—Ç—å,5,7,7,–ù–µ—Ç,–ú–∞—Ç–µ—à–∞,–ú–Ω–µ –≤—Å—ë —Ä–∞–≤–Ω–æ,"–ü–æ–ª–∏—Ç–∏–∫, –ª–∏–¥–µ—Ä –∏ –±–æ–µ—Ü","–ß—É—Ç—å –ª—É—á—à–µ, —á–µ–º –Ω–∏—á–µ–≥–æ",–ù–µ—Ç,"–ê–Ω–∏–º–µ, –ö–æ–º–µ–¥–∏—è, –ú–µ–ª–æ–¥—Ä–∞–º–∞, –§–∞–Ω—Ç–∞—Å—Ç–∏–∫–∞"
10.06.2019 0:49:32,–î–µ–≤–æ—á–∫–∞,–†–∞–∑–≤–µ —á—Ç–æ –ø–æ –¥–µ–ª—É,5,–õ—É—á—à–∞—è –±–æ—Ä–¥–∞ —Ä—É–Ω–µ—Ç–∞,–ë–∏,–ì—É–ª—è—Ç—å,0,4,4,–ù–µ—Ç,–§–∏–∑–∏–∫–∞,–ú–Ω–µ –≤—Å—ë —Ä–∞–≤–Ω–æ,–ú–æ–ª–æ–¥–µ—Ü,"–ß—É—Ç—å –ª—É—á—à–µ, —á–µ–º –Ω–∏—á–µ–≥–æ",–ù–µ—Ç,–ë–æ–µ–≤–∏–∫
10.06.2019 0:53:52,–î–µ–≤–æ—á–∫–∞,–ù–µ –±–∏–ª–∏,0,–ü–∞–±–ª–∏–∫ –≤ –≤–∫,–ì–µ—Ç–µ—Ä–æ,–°—ã—á–µ–≤–∞—Ç—å,2,7,3,–Ø –ø—Ä–æ—Å—Ç–æ –±–æ—é—Å—å –µ–≤—Ä–µ–µ–≤,–ú–∞—Ç–µ—à–∞,–ú–Ω–µ –≤—Å—ë —Ä–∞–≤–Ω–æ,"–ü–æ–ª–∏—Ç–∏–∫, –ª–∏–¥–µ—Ä –∏ –±–æ–µ—Ü","–ß—É—Ç—å –ª—É—á—à–µ, —á–µ–º –Ω–∏—á–µ–≥–æ","–ê –∫–æ–ª–±–∞—Å–∞ –∫–∞–∫–∞—è, –∫–æ–ª–±–∞—Å–∞...","–ë–æ–µ–≤–∏–∫, –î–µ—Ç–µ–∫—Ç–∏–≤, –î—Ä–∞–º–∞, –ö–æ–º–µ–¥–∏—è, –ú–µ–ª–æ–¥—Ä–∞–º–∞, –§–∏–ª—å–º —É–∂–∞—Å–æ–≤, –§–∞–Ω—Ç–∞—Å—Ç–∏–∫–∞"
10.06.2019 1:00:24,–î–µ–≤–æ—á–∫–∞,–ß–∞—Å—Ç–æ,2,–ü–∞–±–ª–∏–∫ –≤ –≤–∫,–ì–µ—Ç–µ—Ä–æ,–°—ã—á–µ–≤–∞—Ç—å,1,3,1,–ù–µ—Ç,–ë–∏–æ–ª–æ–≥–∏—è,–ú–Ω–µ –≤—Å—ë —Ä–∞–≤–Ω–æ,–ù–µ –º–æ–ª–æ–¥–µ—Ü,–ù–æ—Ä–º–∞–ª—å–Ω–æ,–ù–µ—Ç,"–î–µ—Ç–µ–∫—Ç–∏–≤, –î—Ä–∞–º–∞, –ú–µ–ª–æ–¥—Ä–∞–º–∞, –¢—Ä–∞–≥–µ–¥–∏—è"
10.06.2019 1:51:46,–ú–∞–ª—å—á–∏–∫,–ù–µ –±–∏–ª–∏,0,–ù–µ –∑–Ω–∞—é,–ì–µ—Ç–µ—Ä–æ,–°—ã—á–µ–≤–∞—Ç—å,2,4,0,–ù–µ—Ç,–ò–Ω—Ñ–æ—Ä–º–∞—Ç–∏–∫–∞,–ú–Ω–µ –≤—Å—ë —Ä–∞–≤–Ω–æ,–ü—Ä–µ–∑–∏–¥–µ–Ω—Ç,"–ß—É—Ç—å –ª—É—á—à–µ, —á–µ–º –Ω–∏—á–µ–≥–æ","–ê –∫–æ–ª–±–∞—Å–∞ –∫–∞–∫–∞—è, –∫–æ–ª–±–∞—Å–∞...","–ë–æ–µ–≤–∏–∫, –î–µ—Ç–µ–∫—Ç–∏–≤, –§–∞–Ω—Ç–∞—Å—Ç–∏–∫–∞"
10.06.2019 1:55:46,–î–µ–≤–æ—á–∫–∞,–†–∞–∑–≤–µ —á—Ç–æ –ø–æ –¥–µ–ª—É,1,–õ—É—á—à–∞—è –±–æ—Ä–¥–∞ —Ä—É–Ω–µ—Ç–∞,–ì–µ—Ç–µ—Ä–æ,–°—ã—á–µ–≤–∞—Ç—å,2,4,1,–ù–µ—Ç,–ò–Ω—Ñ–æ—Ä–º–∞—Ç–∏–∫–∞,–ú–Ω–µ –≤—Å—ë —Ä–∞–≤–Ω–æ,"–ü–æ–ª–∏—Ç–∏–∫, –ª–∏–¥–µ—Ä –∏ –±–æ–µ—Ü",–û—Ç–ª–∏—á–Ω–æ,"–ê –∫–æ–ª–±–∞—Å–∞ –∫–∞–∫–∞—è, –∫–æ–ª–±–∞—Å–∞...","–î–µ—Ç–µ–∫—Ç–∏–≤, –ê–Ω–∏–º–µ, –ö–æ–º–µ–¥–∏—è, –§–∞–Ω—Ç–∞—Å—Ç–∏–∫–∞"
10.06.2019 5:22:07,–ú–∞–ª—å—á–∏–∫,–†–∞–∑–≤–µ —á—Ç–æ –ø–æ –¥–µ–ª—É,0,–ù–µ–Ω–∞–≤–∏–∂—É –ê–±—É,–ë–∏,–ì—É–ª—è—Ç—å,4,2,3,–ù–µ—Ç,–ò–Ω—Ñ–æ—Ä–º–∞—Ç–∏–∫–∞,–ú–Ω–µ –≤—Å—ë —Ä–∞–≤–Ω–æ,"–ü–æ–ª–∏—Ç–∏–∫, –ª–∏–¥–µ—Ä –∏ –±–æ–µ—Ü",–ù–æ—Ä–º–∞–ª—å–Ω–æ,"–ê –∫–æ–ª–±–∞—Å–∞ –∫–∞–∫–∞—è, –∫–æ–ª–±–∞—Å–∞...","–î–µ—Ç–µ–∫—Ç–∏–≤, –ê–Ω–∏–º–µ, –ö–æ–º–µ–¥–∏—è, –§–∞–Ω—Ç–∞—Å—Ç–∏–∫–∞"
10.06.2019 5:53:20,–î–µ–≤–æ—á–∫–∞,–†–∞–∑–≤–µ —á—Ç–æ –ø–æ –¥–µ–ª—É,3,–ü–∞–±–ª–∏–∫ –≤ –≤–∫,–ì–µ—Ç–µ—Ä–æ,–°—ã—á–µ–≤–∞—Ç—å,0,0,5,–ù–µ—Ç,–ú–∞—Ç–µ—à–∞,–ú–Ω–µ –≤—Å—ë —Ä–∞–≤–Ω–æ,–•–∑,–•–æ—Ä–æ—à–æ,"–ê –∫–æ–ª–±–∞—Å–∞ –∫–∞–∫–∞—è, –∫–æ–ª–±–∞—Å–∞...","–î—Ä–∞–º–∞, –ö–æ–º–µ–¥–∏—è, –ú–µ–ª–æ–¥—Ä–∞–º–∞"
10.06.2019 7:21:43,–î–µ–≤–æ—á–∫–∞,–ù–µ –±–∏–ª–∏,2,–ü–∞–±–ª–∏–∫ –≤ –≤–∫,–ì–µ—Ç–µ—Ä–æ,–°—ã—á–µ–≤–∞—Ç—å,0,2,2,–ù–µ—Ç,–ò–Ω—Ñ–æ—Ä–º–∞—Ç–∏–∫–∞,–ü–æ–ª–æ–∂–∏—Ç–µ–ª—å–Ω–æ,"–ü–æ–ª–∏—Ç–∏–∫, –ª–∏–¥–µ—Ä –∏ –±–æ–µ—Ü",–•–æ—Ä–æ—à–æ,–ù–µ—Ç,"–î–µ—Ç–µ–∫—Ç–∏–≤, –ê–Ω–∏–º–µ, –î—Ä–∞–º–∞, –ö–æ–º–µ–¥–∏—è, –ò—Å—Ç–æ—Ä–∏—á–µ—Å–∫–∏–π —Ñ–∏–ª—å–º, –§–∞–Ω—Ç–∞—Å—Ç–∏–∫–∞"
10.06.2019 7:57:44,–î–µ–≤–æ—á–∫–∞,–†–∞–∑–≤–µ —á—Ç–æ –ø–æ –¥–µ–ª—É,2,–ü–∞–±–ª–∏–∫ –≤ –≤–∫,–ì–µ—Ç–µ—Ä–æ,–ì—É–ª—è—Ç—å,0,0,3,–ù–µ—Ç,–ú–∞—Ç–µ—à–∞,–ú–Ω–µ –≤—Å—ë —Ä–∞–≤–Ω–æ,–†–µ–ø—Ç–∏–ª–æ–∏–¥,–ù–æ—Ä–º–∞–ª—å–Ω–æ,–ù–µ—Ç,"–ö–æ–º–µ–¥–∏—è, –ú–µ–ª–æ–¥—Ä–∞–º–∞, –§–∏–ª—å–º —É–∂–∞—Å–æ–≤"
10.06.2019 8:22:29,–ú–∞–ª—å—á–∏–∫,–ù–µ –±–∏–ª–∏,0,–ù–µ–Ω–∞–≤–∏–∂—É –ê–±—É,–ë–∏,–°—ã—á–µ–≤–∞—Ç—å,4,0,4,–ù–µ—Ç,–ò–Ω—Ñ–æ—Ä–º–∞—Ç–∏–∫–∞,–ú–Ω–µ –≤—Å—ë —Ä–∞–≤–Ω–æ,"–ü–æ–ª–∏—Ç–∏–∫, –ª–∏–¥–µ—Ä –∏ –±–æ–µ—Ü",–•–æ—Ä–æ—à–æ,"–ê –∫–æ–ª–±–∞—Å–∞ –∫–∞–∫–∞—è, –∫–æ–ª–±–∞—Å–∞...",–ò—Å—Ç–æ—Ä–∏—á–µ—Å–∫–∏–π —Ñ–∏–ª—å–º
10.06.2019 8:35:59,–ú–∞–ª—å—á–∏–∫,–†–∞–∑–≤–µ —á—Ç–æ –ø–æ –¥–µ–ª—É,3,–ù–µ –∑–Ω–∞—é,–ë–∏,–°—ã—á–µ–≤–∞—Ç—å,2,6,3,–ù–µ—Ç,–ò–Ω—Ñ–æ—Ä–º–∞—Ç–∏–∫–∞,–ú–Ω–µ –≤—Å—ë —Ä–∞–≤–Ω–æ,"–ü–æ–ª–∏—Ç–∏–∫, –ª–∏–¥–µ—Ä –∏ –±–æ–µ—Ü",–•–æ—Ä–æ—à–æ,"–ê –∫–æ–ª–±–∞—Å–∞ –∫–∞–∫–∞—è, –∫–æ–ª–±–∞—Å–∞...","–î–µ—Ç–µ–∫—Ç–∏–≤, –î—Ä–∞–º–∞, –ú–µ–ª–æ–¥—Ä–∞–º–∞, –§–∞–Ω—Ç–∞—Å—Ç–∏–∫–∞"
10.06.2019 8:38:36,–ú–∞–ª—å—á–∏–∫,–†–∞–∑–≤–µ —á—Ç–æ –ø–æ –¥–µ–ª—É,2,–ù–µ–Ω–∞–≤–∏–∂—É –ê–±—É,–ì–µ—Ç–µ—Ä–æ,–°—ã—á–µ–≤–∞—Ç—å,3,2,3,–ù–µ—Ç,–ò–Ω—Ñ–æ—Ä–º–∞—Ç–∏–∫–∞,–û—Ç—Ä–∏—Ü–∞—Ç–µ–ª—å–Ω–æ,—Ä–µ–ø—Ç–∏–ª–æ–∏–¥,–•–æ—Ä–æ—à–æ,–ù–µ—Ç,"–ê–Ω–∏–º–µ, –î—Ä–∞–º–∞, –ú–µ–ª–æ–¥—Ä–∞–º–∞, –ò—Å—Ç–æ—Ä–∏—á–µ—Å–∫–∏–π —Ñ–∏–ª—å–º, –§–∞–Ω—Ç–∞—Å—Ç–∏–∫–∞"
10.06.2019 8:42:08,–î–µ–≤–æ—á–∫–∞,–ù–µ –±–∏–ª–∏,1,–ù–µ –∑–Ω–∞—é,–ì–µ—Ç–µ—Ä–æ,–ì—É–ª—è—Ç—å,1,2,2,–ù–µ—Ç,–ò–Ω—Ñ–æ—Ä–º–∞—Ç–∏–∫–∞,–ú–Ω–µ –≤—Å—ë —Ä–∞–≤–Ω–æ,–°–∫–∞–∑–æ—á–Ω—ã–π –∏–ª–∏ —Ä–µ–∞–ª—å–Ω—ã–π?,–ù–æ—Ä–º–∞–ª—å–Ω–æ,–ù–µ—Ç,–§–∞–Ω—Ç–∞—Å—Ç–∏–∫–∞
10.06.2019 9:01:31,–ú–∞–ª—å—á–∏–∫,–ù–µ –±–∏–ª–∏,2,–ù–µ–Ω–∞–≤–∏–∂—É –ê–±—É,–ì–µ—Ç–µ—Ä–æ,–°—ã—á–µ–≤–∞—Ç—å,5,2,1,–ù–µ—Ç,–ò–Ω—Ñ–æ—Ä–º–∞—Ç–∏–∫–∞,–ú–Ω–µ –≤—Å—ë —Ä–∞–≤–Ω–æ,—Ö—É–π–ª–æ,–û—Ç–ª–∏—á–Ω–æ,"–ê –∫–æ–ª–±–∞—Å–∞ –∫–∞–∫–∞—è, –∫–æ–ª–±–∞—Å–∞...","–ë–æ–µ–≤–∏–∫, –î–µ—Ç–µ–∫—Ç–∏–≤, –î—Ä–∞–º–∞, –ö–æ–º–µ–¥–∏—è, –ú–µ–ª–æ–¥—Ä–∞–º–∞, –ò—Å—Ç–æ—Ä–∏—á–µ—Å–∫–∏–π —Ñ–∏–ª—å–º, –¢—Ä–∞–≥–µ–¥–∏—è, –§–∞–Ω—Ç–∞—Å—Ç–∏–∫–∞"
10.06.2019 9:17:27,–ú–∞–ª—å—á–∏–∫,–†–∞–∑–≤–µ —á—Ç–æ –ø–æ –¥–µ–ª—É,0,–ù–µ –∑–Ω–∞—é,–ì–µ—Ç–µ—Ä–æ,–ì—É–ª—è—Ç—å,4,4,7,–ù–µ—Ç,–ò–Ω—Ñ–æ—Ä–º–∞—Ç–∏–∫–∞,–ü–æ–ª–æ–∂–∏—Ç–µ–ª—å–Ω–æ,"–ü–æ–ª–∏—Ç–∏–∫, –ª–∏–¥–µ—Ä –∏ –±–æ–µ—Ü",–ù–æ—Ä–º–∞–ª—å–Ω–æ,–ù–µ—Ç,"–ë–æ–µ–≤–∏–∫, –ê–Ω–∏–º–µ, –ò—Å—Ç–æ—Ä–∏—á–µ—Å–∫–∏–π —Ñ–∏–ª—å–º, –§–∞–Ω—Ç–∞—Å—Ç–∏–∫–∞"
10.06.2019 9:27:25,–î–µ–≤–æ—á–∫–∞,–†–∞–∑–≤–µ —á—Ç–æ –ø–æ –¥–µ–ª—É,3,–ü–∞–±–ª–∏–∫ –≤ –≤–∫,–ì–µ—Ç–µ—Ä–æ,–ì—É–ª—è—Ç—å,0,1,5,–ù–µ—Ç,–õ–∏—Ç–µ—Ä–∞—Ç—É—Ä–∞,–ú–Ω–µ –≤—Å—ë —Ä–∞–≤–Ω–æ,"–ü–æ–ª–∏—Ç–∏–∫, –ª–∏–¥–µ—Ä –∏ –±–æ–µ—Ü",–•–æ—Ä–æ—à–æ,–ù–µ—Ç,"–ê–Ω–∏–º–µ, –ö–æ–º–µ–¥–∏—è, –ò—Å—Ç–æ—Ä–∏—á–µ—Å–∫–∏–π —Ñ–∏–ª—å–º, –§–∞–Ω—Ç–∞—Å—Ç–∏–∫–∞"
10.06.2019 9:30:40,–î–µ–≤–æ—á–∫–∞,–ù–µ –±–∏–ª–∏,2,–õ—É—á—à–∞—è –±–æ—Ä–¥–∞ —Ä—É–Ω–µ—Ç–∞,–ë–∏,–°—ã—á–µ–≤–∞—Ç—å,2,5,5,–ù–µ—Ç,–õ–∏—Ç–µ—Ä–∞—Ç—É—Ä–∞,–ú–Ω–µ –≤—Å—ë —Ä–∞–≤–Ω–æ,–≤–ø–µ—Ä–≤—ã–µ —Å–ª—ã—à—É —á—Ç–æ –∑–∞ —á–µ–ª,–û—Ä–∏–≥–∞—Ç–æ—ë –≥–∞–π–∑–∞–π–º–∞—Å,–ù–µ—Ç,"–ê–Ω–∏–º–µ, –î—Ä–∞–º–∞, –ö–æ–º–µ–¥–∏—è, –ú–µ–ª–æ–¥—Ä–∞–º–∞, –§–∞–Ω—Ç–∞—Å—Ç–∏–∫–∞"
10.06.2019 9:31:49,–î–µ–≤–æ—á–∫–∞,–ù–µ –±–∏–ª–∏,1,–ù–µ –∑–Ω–∞—é,–ì–µ—Ç–µ—Ä–æ,–°—ã—á–µ–≤–∞—Ç—å,1,4,1,–ù–µ—Ç,–ú–∞—Ç–µ—à–∞,–ú–Ω–µ –≤—Å—ë —Ä–∞–≤–Ω–æ,"–ü–æ–ª–∏—Ç–∏–∫, –ª–∏–¥–µ—Ä –∏ –±–æ–µ—Ü","–ß—É—Ç—å –ª—É—á—à–µ, —á–µ–º –Ω–∏—á–µ–≥–æ","–ê –∫–æ–ª–±–∞—Å–∞ –∫–∞–∫–∞—è, –∫–æ–ª–±–∞—Å–∞...","–î–µ—Ç–µ–∫—Ç–∏–≤, –ö–æ–º–µ–¥–∏—è, –§–∏–ª—å–º —É–∂–∞—Å–æ–≤"
10.06.2019 9:32:56,–î–µ–≤–æ—á–∫–∞,–ù–µ –±–∏–ª–∏,1,–ù–µ –∑–Ω–∞—é,–ì–µ—Ç–µ—Ä–æ,–°—ã—á–µ–≤–∞—Ç—å,1,3,7,–ù–µ—Ç,–õ–∏—Ç–µ—Ä–∞—Ç—É—Ä–∞,–ü–æ–ª–æ–∂–∏—Ç–µ–ª—å–Ω–æ,"–ü–æ–ª–∏—Ç–∏–∫, –ª–∏–¥–µ—Ä –∏ –±–æ–µ—Ü",–•–æ—Ä–æ—à–æ,"–ê –∫–æ–ª–±–∞—Å–∞ –∫–∞–∫–∞—è, –∫–æ–ª–±–∞—Å–∞...","–ë–æ–µ–≤–∏–∫, –î–µ—Ç–µ–∫—Ç–∏–≤, –î—Ä–∞–º–∞, –ö–æ–º–µ–¥–∏—è, –ú–µ–ª–æ–¥—Ä–∞–º–∞, –ò—Å—Ç–æ—Ä–∏—á–µ—Å–∫–∏–π —Ñ–∏–ª—å–º, –¢—Ä–∞–≥–µ–¥–∏—è, –§–∏–ª—å–º —É–∂–∞—Å–æ–≤, –§–∞–Ω—Ç–∞—Å—Ç–∏–∫–∞"
10.06.2019 9:33:16,–î–µ–≤–æ—á–∫–∞,–ù–µ –±–∏–ª–∏,3,–ù–µ –∑–Ω–∞—é,–ì–µ—Ç–µ—Ä–æ,–ì—É–ª—è—Ç—å,0,3,4,–ù–µ—Ç,–ò–Ω–æ—Å—Ç—Ä–∞–Ω–Ω—ã–µ —è–∑—ã–∫–∏,–ú–Ω–µ –≤—Å—ë —Ä–∞–≤–Ω–æ,"–ü–æ–ª–∏—Ç–∏–∫, –ª–∏–¥–µ—Ä –∏ –±–æ–µ—Ü","–ß—É—Ç—å –ª—É—á—à–µ, —á–µ–º –Ω–∏—á–µ–≥–æ",–ù–µ—Ç,"–ö–æ–º–µ–¥–∏—è, –§–∞–Ω—Ç–∞—Å—Ç–∏–∫–∞"
10.06.2019 9:34:37,–ú–∞–ª—å—á–∏–∫,–ß–∞—Å—Ç–æ,0,–õ—É—á—à–∞—è –±–æ—Ä–¥–∞ —Ä—É–Ω–µ—Ç–∞,–ê–ª—å—Ç–µ—Ä–Ω–∞—Ç–∏–≤–Ω–∞—è,–ì—É–ª—è—Ç—å,1,5,4,–ù–µ—Ç,–ò—Å—Ç–æ—Ä–∏—è,–ú–Ω–µ –≤—Å—ë —Ä–∞–≤–Ω–æ,–¥–µ–π—Å—Ç–≤—É—é—â–∏–π –ø—Ä–µ–∑–∏–¥–µ–Ω—Ç –†–§,"–ß—É—Ç—å –ª—É—á—à–µ, —á–µ–º –Ω–∏—á–µ–≥–æ",–ù–µ—Ç,"–î–µ—Ç–µ–∫—Ç–∏–≤, –ö–æ–º–µ–¥–∏—è, –ò—Å—Ç–æ—Ä–∏—á–µ—Å–∫–∏–π —Ñ–∏–ª—å–º, –¢—Ä–∞–≥–µ–¥–∏—è, –§–∏–ª—å–º —É–∂–∞—Å–æ–≤, –§–∞–Ω—Ç–∞—Å—Ç–∏–∫–∞"
10.06.2019 9:34:57,–î–µ–≤–æ—á–∫–∞,–ù–µ –±–∏–ª–∏,4,–ù–µ –∑–Ω–∞—é,–ë–∏,–°—ã—á–µ–≤–∞—Ç—å,0,5,3,–ù–µ—Ç,–õ–∏—Ç–µ—Ä–∞—Ç—É—Ä–∞,–ú–Ω–µ –≤—Å—ë —Ä–∞–≤–Ω–æ,–ü–æ—Å–∞–¥—è—Ç,"–ß—É—Ç—å –ª—É—á—à–µ, —á–µ–º –Ω–∏—á–µ–≥–æ",–ù–µ—Ç,–ò—Å—Ç–æ—Ä–∏—á–µ—Å–∫–∏–π —Ñ–∏–ª—å–º
10.06.2019 9:42:06,–î–µ–≤–æ—á–∫–∞,–ù–µ –±–∏–ª–∏,2,–õ—É—á—à–∞—è –±–æ—Ä–¥–∞ —Ä—É–Ω–µ—Ç–∞,–ë–∏,–ì—É–ª—è—Ç—å,1,6,3,–ù–µ—Ç,–ò–Ω–æ—Å—Ç—Ä–∞–Ω–Ω—ã–µ —è–∑—ã–∫–∏,–ú–Ω–µ –≤—Å—ë —Ä–∞–≤–Ω–æ,–£–º–Ω—ã–π –º–∞–Ω–∏–ø—É–ª—è—Ç–æ—Ä,–ù–æ—Ä–º–∞–ª—å–Ω–æ,–ù–µ—Ç,"–î–µ—Ç–µ–∫—Ç–∏–≤, –î—Ä–∞–º–∞, –ò—Å—Ç–æ—Ä–∏—á–µ—Å–∫–∏–π —Ñ–∏–ª—å–º, –¢—Ä–∞–≥–µ–¥–∏—è"
10.06.2019 9:50:43,–î–µ–≤–æ—á–∫–∞,–ù–µ –±–∏–ª–∏,5,–ù–µ –∑–Ω–∞—é,–ì–µ—Ç–µ—Ä–æ,–ì—É–ª—è—Ç—å,2,5,6,–ù–µ—Ç,–õ–∏—Ç–µ—Ä–∞—Ç—É—Ä–∞,–û—Ç—Ä–∏—Ü–∞—Ç–µ–ª—å–Ω–æ,–í–ª–∞—Å—Ç—å –Ω–µ–ª—å–∑—è –æ—Å–∫–æ—Ä–±–ª—è—Ç—å)),–ù–≠–ô–¢–ò–í –ò–ù–ì–õ–ò–® –°–ü–ò–ö–ï–†,–ù–µ—Ç,"–î–µ—Ç–µ–∫—Ç–∏–≤, –ê–Ω–∏–º–µ, –ö–æ–º–µ–¥–∏—è, –§–∞–Ω—Ç–∞—Å—Ç–∏–∫–∞"
10.06.2019 10:18:36,–ú–∞–ª—å—á–∏–∫,–†–∞–∑–≤–µ —á—Ç–æ –ø–æ –¥–µ–ª—É,2,–ü–∞–±–ª–∏–∫ –≤ –≤–∫,–ì–µ—Ç–µ—Ä–æ,–ì—É–ª—è—Ç—å,2,2,1,–ù–µ—Ç,–§–∏–∑–∏–∫–∞,–ú–Ω–µ –≤—Å—ë —Ä–∞–≤–Ω–æ,"–ü–æ–ª–∏—Ç–∏–∫, –ª–∏–¥–µ—Ä –∏ –±–æ–µ—Ü",–•–æ—Ä–æ—à–æ,"–ê –∫–æ–ª–±–∞—Å–∞ –∫–∞–∫–∞—è, –∫–æ–ª–±–∞—Å–∞...","–ë–æ–µ–≤–∏–∫, –ö–æ–º–µ–¥–∏—è, –§–∞–Ω—Ç–∞—Å—Ç–∏–∫–∞"
10.06.2019 11:00:06,–î–µ–≤–æ—á–∫–∞,–†–∞–∑–≤–µ —á—Ç–æ –ø–æ –¥–µ–ª—É,0,–ü–∞–±–ª–∏–∫ –≤ –≤–∫,–ì–µ—Ç–µ—Ä–æ,–°—ã—á–µ–≤–∞—Ç—å,3,7,1,–ù–µ—Ç,–ò–Ω–æ—Å—Ç—Ä–∞–Ω–Ω—ã–µ —è–∑—ã–∫–∏,–ú–Ω–µ –≤—Å—ë —Ä–∞–≤–Ω–æ,...,"–ß—É—Ç—å –ª—É—á—à–µ, —á–µ–º –Ω–∏—á–µ–≥–æ","–ê –∫–æ–ª–±–∞—Å–∞ –∫–∞–∫–∞—è, –∫–æ–ª–±–∞—Å–∞...","–ë–æ–µ–≤–∏–∫, –î–µ—Ç–µ–∫—Ç–∏–≤, –ö–æ–º–µ–¥–∏—è, –§–∞–Ω—Ç–∞—Å—Ç–∏–∫–∞"
10.06.2019 11:02:32,–î–µ–≤–æ—á–∫–∞,–ù–µ –±–∏–ª–∏,2,–ü–∞–±–ª–∏–∫ –≤ –≤–∫,–ì–µ—Ç–µ—Ä–æ,–°—ã—á–µ–≤–∞—Ç—å,0,7,7,–ù–µ—Ç,–õ–∏—Ç–µ—Ä–∞—Ç—É—Ä–∞,–ú–Ω–µ –≤—Å—ë —Ä–∞–≤–Ω–æ,–ö–≤–∞,–ù–æ—Ä–º–∞–ª—å–Ω–æ,–ù–µ—Ç,"–ê–Ω–∏–º–µ, –§–∏–ª—å–º —É–∂–∞—Å–æ–≤, –§–∞–Ω—Ç–∞—Å—Ç–∏–∫–∞"
10.06.2019 11:02:50,–î–µ–≤–æ—á–∫–∞,–ù–µ –±–∏–ª–∏,3,–ù–µ –∑–Ω–∞—é,–ì–µ—Ç–µ—Ä–æ,–°—ã—á–µ–≤–∞—Ç—å,0,3,4,–ù–µ—Ç,–ú–∞—Ç–µ—à–∞,–ú–Ω–µ –≤—Å—ë —Ä–∞–≤–Ω–æ,"–ü–æ–ª–∏—Ç–∏–∫, –ª–∏–¥–µ—Ä –∏ –±–æ–µ—Ü",–û—Ä–∏–≥–∞—Ç–æ—ë –≥–∞–π–∑–∞–π–º–∞—Å,–ù–µ—Ç,–ò—Å—Ç–æ—Ä–∏—á–µ—Å–∫–∏–π —Ñ–∏–ª—å–º
10.06.2019 11:05:40,–î–µ–≤–æ—á–∫–∞,–ù–µ –±–∏–ª–∏,1,–ù–µ –∑–Ω–∞—é,–ì–µ—Ç–µ—Ä–æ,–ì—É–ª—è—Ç—å,0,3,5,–ù–µ—Ç,–õ–∏—Ç–µ—Ä–∞—Ç—É—Ä–∞,–ü–æ–ª–æ–∂–∏—Ç–µ–ª—å–Ω–æ,"–ü–æ–ª–∏—Ç–∏–∫, –ª–∏–¥–µ—Ä –∏ –±–æ–µ—Ü",–û—Ç–ª–∏—á–Ω–æ,–ù–µ—Ç,"–î—Ä–∞–º–∞, –ö–æ–º–µ–¥–∏—è, –ú–µ–ª–æ–¥—Ä–∞–º–∞, –§–∏–ª—å–º —É–∂–∞—Å–æ–≤"
10.06.2019 11:10:37,–î–µ–≤–æ—á–∫–∞,–†–∞–∑–≤–µ —á—Ç–æ –ø–æ –¥–µ–ª—É,0,–ù–µ –∑–Ω–∞—é,–ì–µ—Ç–µ—Ä–æ,–°—ã—á–µ–≤–∞—Ç—å,0,2,5,–ù–µ—Ç,–õ–∏—Ç–µ—Ä–∞—Ç—É—Ä–∞,–ú–Ω–µ –≤—Å—ë —Ä–∞–≤–Ω–æ,–ú–æ–ª–æ–¥–µ—Ü,–ù–æ—Ä–º–∞–ª—å–Ω–æ,–ù–µ—Ç,–ö–æ–º–µ–¥–∏—è
10.06.2019 11:20:21,–î–µ–≤–æ—á–∫–∞,–†–∞–∑–≤–µ —á—Ç–æ –ø–æ –¥–µ–ª—É,2,–ù–µ –∑–Ω–∞—é,–ì–µ—Ç–µ—Ä–æ,–ì—É–ª—è—Ç—å,0,5,5,–ù–µ—Ç,–õ–∏—Ç–µ—Ä–∞—Ç—É—Ä–∞,–ú–Ω–µ –≤—Å—ë —Ä–∞–≤–Ω–æ,–º–∞–ª–æ –æ–∑–∞–±–æ—á–µ–Ω –∂–∏–∑–Ω—å—é –Ω–∞—Ä–æ–¥–∞,–ù–æ—Ä–º–∞–ª—å–Ω–æ,–ù–µ—Ç,"–ö–æ–º–µ–¥–∏—è, –¢—Ä–∞–≥–µ–¥–∏—è, –§–∞–Ω—Ç–∞—Å—Ç–∏–∫–∞"
10.06.2019 11:22:51,–ú–∞–ª—å—á–∏–∫,–ù–µ –±–∏–ª–∏,1,–ü–∞–±–ª–∏–∫ –≤ –≤–∫,–ì–µ—Ç–µ—Ä–æ,–ì—É–ª—è—Ç—å,3,3,2,–ù–µ—Ç,–õ–∏—Ç–µ—Ä–∞—Ç—É—Ä–∞,–ú–Ω–µ –≤—Å—ë —Ä–∞–≤–Ω–æ,–í–ª–∞–¥–∏–º–∏—Ä –ü—É—Ç–∏–Ω,–ù–æ—Ä–º–∞–ª—å–Ω–æ,–ù–µ—Ç,–§–∞–Ω—Ç–∞—Å—Ç–∏–∫–∞
10.06.2019 11:50:31,–ú–∞–ª—å—á–∏–∫,–ß–∞—Å—Ç–æ,1,–õ—É—á—à–∞—è –±–æ—Ä–¥–∞ —Ä—É–Ω–µ—Ç–∞,–ë–∏,–°—ã—á–µ–≤–∞—Ç—å,7,5,3,–Ø –ø—Ä–æ—Å—Ç–æ –±–æ—é—Å—å –µ–≤—Ä–µ–µ–≤,–ò–Ω—Ñ–æ—Ä–º–∞—Ç–∏–∫–∞,–û—Ç—Ä–∏—Ü–∞—Ç–µ–ª—å–Ω–æ,–°–∫–∞–∑–æ—á–Ω—ã–π.. –≤—ã–¥—É–º—â–∏–∫,"–ß—É—Ç—å –ª—É—á—à–µ, —á–µ–º –Ω–∏—á–µ–≥–æ",–ù–µ—Ç,"–ë–æ–µ–≤–∏–∫, –ö–æ–º–µ–¥–∏—è, –§–∞–Ω—Ç–∞—Å—Ç–∏–∫–∞"
10.06.2019 12:06:54,–î–µ–≤–æ—á–∫–∞,–†–∞–∑–≤–µ —á—Ç–æ –ø–æ –¥–µ–ª—É,0,–ù–µ –∑–Ω–∞—é,–ë–∏,–°—ã—á–µ–≤–∞—Ç—å,4,7,3,–ù–µ—Ç,–ò–Ω—Ñ–æ—Ä–º–∞—Ç–∏–∫–∞,–ú–Ω–µ –≤—Å—ë —Ä–∞–≤–Ω–æ,********* *******,–ù–æ—Ä–º–∞–ª—å–Ω–æ,–ù–µ—Ç,"–ê–Ω–∏–º–µ, –§–∏–ª—å–º —É–∂–∞—Å–æ–≤"
10.06.2019 12:11:20,–î–µ–≤–æ—á–∫–∞,–†–∞–∑–≤–µ —á—Ç–æ –ø–æ –¥–µ–ª—É,2,–ù–µ –∑–Ω–∞—é,–ì–µ—Ç–µ—Ä–æ,–ì—É–ª—è—Ç—å,0,7,7,–ù–µ—Ç,–õ–∏—Ç–µ—Ä–∞—Ç—É—Ä–∞,–ú–Ω–µ –≤—Å—ë —Ä–∞–≤–Ω–æ,"–ú–µ–Ω—è –ø–æ—Å–∞–¥—è—Ç, –µ—Å–ª–∏ —è –æ—Ç–≤–µ—á—É ",–ù–æ—Ä–º–∞–ª—å–Ω–æ,–ù–µ—Ç,"–î–µ—Ç–µ–∫—Ç–∏–≤, –î—Ä–∞–º–∞, –ö–æ–º–µ–¥–∏—è, –ú–µ–ª–æ–¥—Ä–∞–º–∞, –ò—Å—Ç–æ—Ä–∏—á–µ—Å–∫–∏–π —Ñ–∏–ª—å–º, –§–∞–Ω—Ç–∞—Å—Ç–∏–∫–∞"
10.06.2019 12:13:58,–ú–∞–ª—å—á–∏–∫,–†–∞–∑–≤–µ —á—Ç–æ –ø–æ –¥–µ–ª—É,1,–õ—É—á—à–∞—è –±–æ—Ä–¥–∞ —Ä—É–Ω–µ—Ç–∞,–ì–µ—Ç–µ—Ä–æ,–°—ã—á–µ–≤–∞—Ç—å,6,0,1,–Ø –ø—Ä–æ—Å—Ç–æ –±–æ—é—Å—å –µ–≤—Ä–µ–µ–≤,–ò–Ω—Ñ–æ—Ä–º–∞—Ç–∏–∫–∞,–û—Ç—Ä–∏—Ü–∞—Ç–µ–ª—å–Ω–æ,–≤–æ—Ä,–û—Ä–∏–≥–∞—Ç–æ—ë –≥–∞–π–∑–∞–π–º–∞—Å,"–ê –∫–æ–ª–±–∞—Å–∞ –∫–∞–∫–∞—è, –∫–æ–ª–±–∞—Å–∞...","–î–µ—Ç–µ–∫—Ç–∏–≤, –ê–Ω–∏–º–µ, –§–∏–ª—å–º —É–∂–∞—Å–æ–≤, –§–∞–Ω—Ç–∞—Å—Ç–∏–∫–∞"
10.06.2019 12:42:26,–ú–∞–ª—å—á–∏–∫,–†–∞–∑–≤–µ —á—Ç–æ –ø–æ –¥–µ–ª—É,3,–ü–∞–±–ª–∏–∫ –≤ –≤–∫,–ì–µ—Ç–µ—Ä–æ,–ì—É–ª—è—Ç—å,2,1,5,–ù–µ—Ç,–ò–Ω—Ñ–æ—Ä–º–∞—Ç–∏–∫–∞,–ú–Ω–µ –≤—Å—ë —Ä–∞–≤–Ω–æ,"–ü–æ–ª–∏—Ç–∏–∫, –ª–∏–¥–µ—Ä –∏ –±–æ–µ—Ü","–ß—É—Ç—å –ª—É—á—à–µ, —á–µ–º –Ω–∏—á–µ–≥–æ",–ù–µ—Ç,"–î–µ—Ç–µ–∫—Ç–∏–≤, –ö–æ–º–µ–¥–∏—è, –§–∞–Ω—Ç–∞—Å—Ç–∏–∫–∞"
10.06.2019 12:44:59,–î–µ–≤–æ—á–∫–∞,–ù–µ –±–∏–ª–∏,4,–ù–µ –∑–Ω–∞—é,–ì–µ—Ç–µ—Ä–æ,–ì—É–ª—è—Ç—å,0,7,7,–ù–µ—Ç,–ú–∞—Ç–µ—à–∞,–ú–Ω–µ –≤—Å—ë —Ä–∞–≤–Ω–æ,–ú–æ–ª–æ–¥–µ—Ü,–•–æ—Ä–æ—à–æ,–ù–µ—Ç,"–§–∏–ª—å–º —É–∂–∞—Å–æ–≤, –§–∞–Ω—Ç–∞—Å—Ç–∏–∫–∞"
10.06.2019 12:48:38,–ú–∞–ª—å—á–∏–∫,–†–∞–∑–≤–µ —á—Ç–æ –ø–æ –¥–µ–ª—É,2,–ü–∞–±–ª–∏–∫ –≤ –≤–∫,–ì–µ—Ç–µ—Ä–æ,–°—ã—á–µ–≤–∞—Ç—å,4,3,2,–ù–µ—Ç,–ò–Ω—Ñ–æ—Ä–º–∞—Ç–∏–∫–∞,–ü–æ–ª–æ–∂–∏—Ç–µ–ª—å–Ω–æ,"–ü–æ–ª–∏—Ç–∏–∫, –ª–∏–¥–µ—Ä –∏ –±–æ–µ—Ü",–•–æ—Ä–æ—à–æ,"–ê –∫–æ–ª–±–∞—Å–∞ –∫–∞–∫–∞—è, –∫–æ–ª–±–∞—Å–∞...","–ë–æ–µ–≤–∏–∫, –î–µ—Ç–µ–∫—Ç–∏–≤, –ê–Ω–∏–º–µ, –ö–æ–º–µ–¥–∏—è, –ò—Å—Ç–æ—Ä–∏—á–µ—Å–∫–∏–π —Ñ–∏–ª—å–º, –§–∞–Ω—Ç–∞—Å—Ç–∏–∫–∞"
10.06.2019 12:48:50,–ú–∞–ª—å—á–∏–∫,–†–∞–∑–≤–µ —á—Ç–æ –ø–æ –¥–µ–ª—É,0,–ù–µ–Ω–∞–≤–∏–∂—É –ê–±—É,–ì–µ—Ç–µ—Ä–æ,–°—ã—á–µ–≤–∞—Ç—å,1,4,2,–î–∞,–õ–∏—Ç–µ—Ä–∞—Ç—É—Ä–∞,–ü–æ–ª–æ–∂–∏—Ç–µ–ª—å–Ω–æ,–∫—Ä–∞—Å–∞–≤—á–∏–∫,–ù–æ—Ä–º–∞–ª—å–Ω–æ,–ù–µ—Ç,–¢—Ä–∞–≥–µ–¥–∏—è
10.06.2019 12:54:09,–ú–∞–ª—å—á–∏–∫,–ù–µ –±–∏–ª–∏,0,–õ—É—á—à–∞—è –±–æ—Ä–¥–∞ —Ä—É–Ω–µ—Ç–∞,–ì–µ—Ç–µ—Ä–æ,–ì—É–ª—è—Ç—å,1,1,1,–ù–µ—Ç,–ò–Ω—Ñ–æ—Ä–º–∞—Ç–∏–∫–∞,–ú–Ω–µ –≤—Å—ë —Ä–∞–≤–Ω–æ,-,–ù–æ—Ä–º–∞–ª—å–Ω–æ,–ù–µ—Ç,"–ë–æ–µ–≤–∏–∫, –î–µ—Ç–µ–∫—Ç–∏–≤"
10.06.2019 13:25:04,–î–µ–≤–æ—á–∫–∞,–ß–∞—Å—Ç–æ,1,–ü–∞–±–ª–∏–∫ –≤ –≤–∫,–ì–µ—Ç–µ—Ä–æ,–°—ã—á–µ–≤–∞—Ç—å,3,5,6,–ù–µ—Ç,–ò–Ω–æ—Å—Ç—Ä–∞–Ω–Ω—ã–µ —è–∑—ã–∫–∏,–ú–Ω–µ –≤—Å—ë —Ä–∞–≤–Ω–æ,... ,–ù–æ—Ä–º–∞–ª—å–Ω–æ,–ù–µ—Ç,"–ë–æ–µ–≤–∏–∫, –î–µ—Ç–µ–∫—Ç–∏–≤, –î—Ä–∞–º–∞, –ö–æ–º–µ–¥–∏—è, –ò—Å—Ç–æ—Ä–∏—á–µ—Å–∫–∏–π —Ñ–∏–ª—å–º, –§–∞–Ω—Ç–∞—Å—Ç–∏–∫–∞"
10.06.2019 13:27:31,–ú–∞–ª—å—á–∏–∫,–†–∞–∑–≤–µ —á—Ç–æ –ø–æ –¥–µ–ª—É,1,–õ—É—á—à–∞—è –±–æ—Ä–¥–∞ —Ä—É–Ω–µ—Ç–∞,–ì–µ—Ç–µ—Ä–æ,–°—ã—á–µ–≤–∞—Ç—å,6,4,5,–ù–µ—Ç,–ò—Å—Ç–æ—Ä–∏—è,–ú–Ω–µ –≤—Å—ë —Ä–∞–≤–Ω–æ,"–ü–æ–ª–∏—Ç–∏–∫, –ª–∏–¥–µ—Ä –∏ –±–æ–µ—Ü",–ù–æ—Ä–º–∞–ª—å–Ω–æ,–ù–µ—Ç,"–ë–æ–µ–≤–∏–∫, –î–µ—Ç–µ–∫—Ç–∏–≤, –ö–æ–º–µ–¥–∏—è, –ò—Å—Ç–æ—Ä–∏—á–µ—Å–∫–∏–π —Ñ–∏–ª—å–º, –¢—Ä–∞–≥–µ–¥–∏—è, –§–∏–ª—å–º —É–∂–∞—Å–æ–≤, –§–∞–Ω—Ç–∞—Å—Ç–∏–∫–∞"
10.06.2019 13:59:19,–ú–∞–ª—å—á–∏–∫,–ù–µ –±–∏–ª–∏,1,–ü–∞–±–ª–∏–∫ –≤ –≤–∫,–ì–µ—Ç–µ—Ä–æ,–ì—É–ª—è—Ç—å,3,4,2,–ù–µ—Ç,–ò—Å—Ç–æ—Ä–∏—è,–û—Ç—Ä–∏—Ü–∞—Ç–µ–ª—å–Ω–æ,–ü—Ä–æ–º–æ–ª—á—É,"–ß—É—Ç—å –ª—É—á—à–µ, —á–µ–º –Ω–∏—á–µ–≥–æ","–ê –∫–æ–ª–±–∞—Å–∞ –∫–∞–∫–∞—è, –∫–æ–ª–±–∞—Å–∞...","–ë–æ–µ–≤–∏–∫, –î–µ—Ç–µ–∫—Ç–∏–≤, –ö–æ–º–µ–¥–∏—è, –ò—Å—Ç–æ—Ä–∏—á–µ—Å–∫–∏–π —Ñ–∏–ª—å–º, –§–∏–ª—å–º —É–∂–∞—Å–æ–≤, –§–∞–Ω—Ç–∞—Å—Ç–∏–∫–∞"
10.06.2019 14:06:01,–ú–∞–ª—å—á–∏–∫,–†–∞–∑–≤–µ —á—Ç–æ –ø–æ –¥–µ–ª—É,2,–ü–∞–±–ª–∏–∫ –≤ –≤–∫,–ë–∏,–°—ã—á–µ–≤–∞—Ç—å,4,2,1,–ù–µ—Ç,–ò—Å—Ç–æ—Ä–∏—è,–ú–Ω–µ –≤—Å—ë —Ä–∞–≤–Ω–æ,–°–≤–æ—é —Å—Ç—Ä–∞–Ω—É —Å –∫–æ–ª–µ–Ω –ø–æ–¥–Ω—è–ª,–ù–æ—Ä–º–∞–ª—å–Ω–æ,"–ê –∫–æ–ª–±–∞—Å–∞ –∫–∞–∫–∞—è, –∫–æ–ª–±–∞—Å–∞...","–ë–æ–µ–≤–∏–∫, –î–µ—Ç–µ–∫—Ç–∏–≤, –ê–Ω–∏–º–µ, –ö–æ–º–µ–¥–∏—è, –ò—Å—Ç–æ—Ä–∏—á–µ—Å–∫–∏–π —Ñ–∏–ª—å–º, –§–∞–Ω—Ç–∞—Å—Ç–∏–∫–∞"
10.06.2019 14:06:07,–ú–∞–ª—å—á–∏–∫,–†–∞–∑–≤–µ —á—Ç–æ –ø–æ –¥–µ–ª—É,1,–ü–∞–±–ª–∏–∫ –≤ –≤–∫,–ì–µ—Ç–µ—Ä–æ,–°—ã—á–µ–≤–∞—Ç—å,1,5,2,–ù–µ—Ç,–•–∏–º–∏—è,–û—Ç—Ä–∏—Ü–∞—Ç–µ–ª—å–Ω–æ,–ú–æ–ª–æ–¥–µ—Ü,–û—Ç–ª–∏—á–Ω–æ,–ù–µ—Ç,"–ë–æ–µ–≤–∏–∫, –î—Ä–∞–º–∞, –ö–æ–º–µ–¥–∏—è, –§–∞–Ω—Ç–∞—Å—Ç–∏–∫–∞"
10.06.2019 14:08:55,–î–µ–≤–æ—á–∫–∞,–ù–µ –±–∏–ª–∏,2,–ù–µ –∑–Ω–∞—é,–ì–µ—Ç–µ—Ä–æ,–°—ã—á–µ–≤–∞—Ç—å,4,2,6,–ù–µ—Ç,–ò—Å—Ç–æ—Ä–∏—è,–ú–Ω–µ –≤—Å—ë —Ä–∞–≤–Ω–æ,–ü—Ä–µ–∑–∏–¥–µ–Ω—Ç,–ù–æ—Ä–º–∞–ª—å–Ω–æ,–ù–µ—Ç,"–ë–æ–µ–≤–∏–∫, –î–µ—Ç–µ–∫—Ç–∏–≤, –ö–æ–º–µ–¥–∏—è, –ò—Å—Ç–æ—Ä–∏—á–µ—Å–∫–∏–π —Ñ–∏–ª—å–º"
10.06.2019 14:11:17,–ú–∞–ª—å—á–∏–∫,–ù–µ –±–∏–ª–∏,0,–ù–µ –∑–Ω–∞—é,–ì–µ—Ç–µ—Ä–æ,–°—ã—á–µ–≤–∞—Ç—å,5,4,5,–ù–µ—Ç,–•–∏–º–∏—è,–ü–æ–ª–æ–∂–∏—Ç–µ–ª—å–Ω–æ,–ú–æ–ª–æ–¥–µ—Ü,"–ß—É—Ç—å –ª—É—á—à–µ, —á–µ–º –Ω–∏—á–µ–≥–æ","–ê –∫–æ–ª–±–∞—Å–∞ –∫–∞–∫–∞—è, –∫–æ–ª–±–∞—Å–∞...","–î–µ—Ç–µ–∫—Ç–∏–≤, –ö–æ–º–µ–¥–∏—è, –ò—Å—Ç–æ—Ä–∏—á–µ—Å–∫–∏–π —Ñ–∏–ª—å–º, –§–∞–Ω—Ç–∞—Å—Ç–∏–∫–∞"
10.06.2019 14:13:30,–ú–∞–ª—å—á–∏–∫,–ù–µ –±–∏–ª–∏,1,–ù–µ–Ω–∞–≤–∏–∂—É –ê–±—É,–ì–µ—Ç–µ—Ä–æ,–ì—É–ª—è—Ç—å,2,1,1,–Ø –ø—Ä–æ—Å—Ç–æ –±–æ—é—Å—å –µ–≤—Ä–µ–µ–≤,–§–∏–∑–∏–∫–∞,–û—Ç—Ä–∏—Ü–∞—Ç–µ–ª—å–Ω–æ,–õ—É—Ç–∏–Ω –ø–æ—Ö,–ù–æ—Ä–º–∞–ª—å–Ω–æ,"–ê –∫–æ–ª–±–∞—Å–∞ –∫–∞–∫–∞—è, –∫–æ–ª–±–∞—Å–∞...","–ö–æ–º–µ–¥–∏—è, –§–∏–ª—å–º —É–∂–∞—Å–æ–≤, –§–∞–Ω—Ç–∞—Å—Ç–∏–∫–∞"
10.06.2019 14:15:49,–î–µ–≤–æ—á–∫–∞,–ù–µ –±–∏–ª–∏,1,–õ—É—á—à–∞—è –±–æ—Ä–¥–∞ —Ä—É–Ω–µ—Ç–∞,–ì–µ—Ç–µ—Ä–æ,–ì—É–ª—è—Ç—å,5,5,3,–ù–µ—Ç,–§–∏–∑–∏–∫–∞,–ú–Ω–µ –≤—Å—ë —Ä–∞–≤–Ω–æ,"–ü–æ–ª–∏—Ç–∏–∫, –ª–∏–¥–µ—Ä –∏ –±–æ–µ—Ü",–•–æ—Ä–æ—à–æ,"–ê –∫–æ–ª–±–∞—Å–∞ –∫–∞–∫–∞—è, –∫–æ–ª–±–∞—Å–∞...","–ë–æ–µ–≤–∏–∫, –î–µ—Ç–µ–∫—Ç–∏–≤, –î—Ä–∞–º–∞, –ö–æ–º–µ–¥–∏—è, –ò—Å—Ç–æ—Ä–∏—á–µ—Å–∫–∏–π —Ñ–∏–ª—å–º, –§–∞–Ω—Ç–∞—Å—Ç–∏–∫–∞"
10.06.2019 14:17:38,–î–µ–≤–æ—á–∫–∞,–ù–µ –±–∏–ª–∏,2,–ü–∞–±–ª–∏–∫ –≤ –≤–∫,–ì–µ—Ç–µ—Ä–æ,–°—ã—á–µ–≤–∞—Ç—å,4,3,1,–ù–µ—Ç,–•–∏–º–∏—è,–û—Ç—Ä–∏—Ü–∞—Ç–µ–ª—å–Ω–æ,–ü—Ä–µ–∑–∏–¥–µ–Ω—Ç,"–ß—É—Ç—å –ª—É—á—à–µ, —á–µ–º –Ω–∏—á–µ–≥–æ","–ê –∫–æ–ª–±–∞—Å–∞ –∫–∞–∫–∞—è, –∫–æ–ª–±–∞—Å–∞...","–î—Ä–∞–º–∞, –ú–µ–ª–æ–¥—Ä–∞–º–∞, –ò—Å—Ç–æ—Ä–∏—á–µ—Å–∫–∏–π —Ñ–∏–ª—å–º"
10.06.2019 14:18:05,–î–µ–≤–æ—á–∫–∞,–†–∞–∑–≤–µ —á—Ç–æ –ø–æ –¥–µ–ª—É,2,–ü–∞–±–ª–∏–∫ –≤ –≤–∫,–ì–µ—Ç–µ—Ä–æ,–°—ã—á–µ–≤–∞—Ç—å,2,4,2,–ù–µ—Ç,–ò–Ω–æ—Å—Ç—Ä–∞–Ω–Ω—ã–µ —è–∑—ã–∫–∏,–ú–Ω–µ –≤—Å—ë —Ä–∞–≤–Ω–æ,"–ü–æ–ª–∏—Ç–∏–∫, –ª–∏–¥–µ—Ä –∏ –±–æ–µ—Ü",–ù–æ—Ä–º–∞–ª—å–Ω–æ,–ù–µ—Ç,"–ë–æ–µ–≤–∏–∫, –î–µ—Ç–µ–∫—Ç–∏–≤, –ê–Ω–∏–º–µ, –î—Ä–∞–º–∞, –ö–æ–º–µ–¥–∏—è, –ú–µ–ª–æ–¥—Ä–∞–º–∞, –§–∞–Ω—Ç–∞—Å—Ç–∏–∫–∞"
10.06.2019 14:22:09,–ú–∞–ª—å—á–∏–∫,–†–∞–∑–≤–µ —á—Ç–æ –ø–æ –¥–µ–ª—É,3,–ü–∞–±–ª–∏–∫ –≤ –≤–∫,–ê–ª—å—Ç–µ—Ä–Ω–∞—Ç–∏–≤–Ω–∞—è,–°—ã—á–µ–≤–∞—Ç—å,3,1,5,–ù–µ—Ç,–ú–∞—Ç–µ—à–∞,–û—Ç—Ä–∏—Ü–∞—Ç–µ–ª—å–Ω–æ,–£–ö...,–•–æ—Ä–æ—à–æ,–ù–µ—Ç,"–ò—Å—Ç–æ—Ä–∏—á–µ—Å–∫–∏–π —Ñ–∏–ª—å–º, –§–∞–Ω—Ç–∞—Å—Ç–∏–∫–∞"
10.06.2019 14:22:10,–ú–∞–ª—å—á–∏–∫,–†–∞–∑–≤–µ —á—Ç–æ –ø–æ –¥–µ–ª—É,3,–ü–∞–±–ª–∏–∫ –≤ –≤–∫,–ë–∏,–°—ã—á–µ–≤–∞—Ç—å,3,5,4,–ù–µ—Ç,–•–∏–º–∏—è,–ü–æ–ª–æ–∂–∏—Ç–µ–ª—å–Ω–æ,"–ü–æ–ª–∏—Ç–∏–∫, –ª–∏–¥–µ—Ä –∏ –±–æ–µ—Ü",–•–æ—Ä–æ—à–æ,–ù–µ—Ç,"–ö–æ–º–µ–¥–∏—è, –§–∏–ª—å–º —É–∂–∞—Å–æ–≤, –§–∞–Ω—Ç–∞—Å—Ç–∏–∫–∞"
10.06.2019 14:23:46,–î–µ–≤–æ—á–∫–∞,–†–∞–∑–≤–µ —á—Ç–æ –ø–æ –¥–µ–ª—É,0,–õ—É—á—à–∞—è –±–æ—Ä–¥–∞ —Ä—É–Ω–µ—Ç–∞,–ë–∏,–°—ã—á–µ–≤–∞—Ç—å,4,4,5,–ù–µ—Ç,–ò–Ω–æ—Å—Ç—Ä–∞–Ω–Ω—ã–µ —è–∑—ã–∫–∏,–ú–Ω–µ –≤—Å—ë —Ä–∞–≤–Ω–æ,–°–∫–∞–∑–æ—á–Ω—ã–π,–ù–æ—Ä–º–∞–ª—å–Ω–æ,"–ê –∫–æ–ª–±–∞—Å–∞ –∫–∞–∫–∞—è, –∫–æ–ª–±–∞—Å–∞...","–î–µ—Ç–µ–∫—Ç–∏–≤, –¢—Ä–∞–≥–µ–¥–∏—è, –§–∏–ª—å–º —É–∂–∞—Å–æ–≤"
10.06.2019 14:24:01,–î–µ–≤–æ—á–∫–∞,–ù–µ –±–∏–ª–∏,1,–ü–∞–±–ª–∏–∫ –≤ –≤–∫,–ì–µ—Ç–µ—Ä–æ,–°—ã—á–µ–≤–∞—Ç—å,5,2,4,–ù–µ—Ç,–õ–∏—Ç–µ—Ä–∞—Ç—É—Ä–∞,–ü–æ–ª–æ–∂–∏—Ç–µ–ª—å–Ω–æ,"–ü–æ–ª–∏—Ç–∏–∫, –ª–∏–¥–µ—Ä –∏ –±–æ–µ—Ü","–ß—É—Ç—å –ª—É—á—à–µ, —á–µ–º –Ω–∏—á–µ–≥–æ",–ù–µ—Ç,"–î–µ—Ç–µ–∫—Ç–∏–≤, –ö–æ–º–µ–¥–∏—è, –ú–µ–ª–æ–¥—Ä–∞–º–∞, –ò—Å—Ç–æ—Ä–∏—á–µ—Å–∫–∏–π —Ñ–∏–ª—å–º, –§–∞–Ω—Ç–∞—Å—Ç–∏–∫–∞"
10.06.2019 14:24:09,–î–µ–≤–æ—á–∫–∞,–ù–µ –±–∏–ª–∏,0,–ü–∞–±–ª–∏–∫ –≤ –≤–∫,–ì–µ—Ç–µ—Ä–æ,–°—ã—á–µ–≤–∞—Ç—å,4,1,3,–Ø –ø—Ä–æ—Å—Ç–æ –±–æ—é—Å—å –µ–≤—Ä–µ–µ–≤,–õ–∏—Ç–µ—Ä–∞—Ç—É—Ä–∞,–ú–Ω–µ –≤—Å—ë —Ä–∞–≤–Ω–æ,"–ø—Ä–µ–∑–∏–¥–µ–Ω—Ç –≤—Ä–æ–¥–µ, –ª–æ–ª",–û—Ä–∏–≥–∞—Ç–æ—ë –≥–∞–π–∑–∞–π–º–∞—Å,"–ê –∫–æ–ª–±–∞—Å–∞ –∫–∞–∫–∞—è, –∫–æ–ª–±–∞—Å–∞...","–ë–æ–µ–≤–∏–∫, –î–µ—Ç–µ–∫—Ç–∏–≤, –§–∞–Ω—Ç–∞—Å—Ç–∏–∫–∞"
10.06.2019 14:25:13,–ú–∞–ª—å—á–∏–∫,–†–∞–∑–≤–µ —á—Ç–æ –ø–æ –¥–µ–ª—É,1,–õ—É—á—à–∞—è –±–æ—Ä–¥–∞ —Ä—É–Ω–µ—Ç–∞,–ì–µ—Ç–µ—Ä–æ,–ì—É–ª—è—Ç—å,2,2,2,–ù–µ—Ç,–ú–∞—Ç–µ—à–∞,–ú–Ω–µ –≤—Å—ë —Ä–∞–≤–Ω–æ,"–ü–æ–ª–∏—Ç–∏–∫, –ª–∏–¥–µ—Ä –∏ –±–æ–µ—Ü","–ß—É—Ç—å –ª—É—á—à–µ, —á–µ–º –Ω–∏—á–µ–≥–æ",–ù–µ—Ç,"–ë–æ–µ–≤–∏–∫, –î–µ—Ç–µ–∫—Ç–∏–≤, –ê–Ω–∏–º–µ, –ö–æ–º–µ–¥–∏—è, –ò—Å—Ç–æ—Ä–∏—á–µ—Å–∫–∏–π —Ñ–∏–ª—å–º, –¢—Ä–∞–≥–µ–¥–∏—è, –§–∏–ª—å–º —É–∂–∞—Å–æ–≤, –§–∞–Ω—Ç–∞—Å—Ç–∏–∫–∞"
10.06.2019 14:26:29,–î–µ–≤–æ—á–∫–∞,–ß–∞—Å—Ç–æ,5,–ù–µ–Ω–∞–≤–∏–∂—É –ê–±—É,–ê–ª—å—Ç–µ—Ä–Ω–∞—Ç–∏–≤–Ω–∞—è,–°—ã—á–µ–≤–∞—Ç—å,7,7,7,–Ø –ø—Ä–æ—Å—Ç–æ –±–æ—é—Å—å –µ–≤—Ä–µ–µ–≤,–ú–∞—Ç–µ—à–∞,–ú–Ω–µ –≤—Å—ë —Ä–∞–≤–Ω–æ,"–ü–æ–ª–∏—Ç–∏–∫, –ª–∏–¥–µ—Ä –∏ –±–æ–µ—Ü",–ù–≠–ô–¢–ò–í –ò–ù–ì–õ–ò–® –°–ü–ò–ö–ï–†,"–ê –∫–æ–ª–±–∞—Å–∞ –∫–∞–∫–∞—è, –∫–æ–ª–±–∞—Å–∞...",–ê–Ω–∏–º–µ
10.06.2019 14:38:11,–î–µ–≤–æ—á–∫–∞,–ù–µ –±–∏–ª–∏,1,–ù–µ –∑–Ω–∞—é,–ë–∏,–°—ã—á–µ–≤–∞—Ç—å,3,4,4,–ù–µ—Ç,–ò—Å—Ç–æ—Ä–∏—è,–ú–Ω–µ –≤—Å—ë —Ä–∞–≤–Ω–æ,–í–æ–ª–∞–Ω–¥–µ–º–æ—Ä—Ç - –í–æ–ª–¥–∏ - –í–æ–ª–æ–¥—è - –í–ª–∞–¥–∏–º–∏—Ä - –°–∞–º –∑–Ω–∞–µ—à—å –∫—Ç–æ,"–ß—É—Ç—å –ª—É—á—à–µ, —á–µ–º –Ω–∏—á–µ–≥–æ","–ê –∫–æ–ª–±–∞—Å–∞ –∫–∞–∫–∞—è, –∫–æ–ª–±–∞—Å–∞...","–ë–æ–µ–≤–∏–∫, –î–µ—Ç–µ–∫—Ç–∏–≤, –ê–Ω–∏–º–µ, –ö–æ–º–µ–¥–∏—è, –ò—Å—Ç–æ—Ä–∏—á–µ—Å–∫–∏–π —Ñ–∏–ª—å–º, –§–∏–ª—å–º —É–∂–∞—Å–æ–≤, –§–∞–Ω—Ç–∞—Å—Ç–∏–∫–∞"
10.06.2019 14:38:15,–ú–∞–ª—å—á–∏–∫,–ß–∞—Å—Ç–æ,1,–ù–µ –∑–Ω–∞—é,–ì–µ—Ç–µ—Ä–æ,–°—ã—á–µ–≤–∞—Ç—å,5,1,1,–î–∞,–§–∏–∑–∏–∫–∞,–û—Ç—Ä–∏—Ü–∞—Ç–µ–ª—å–Ω–æ,–•–µ—Ä,–û—Ä–∏–≥–∞—Ç–æ—ë –≥–∞–π–∑–∞–π–º–∞—Å,–ù–µ—Ç,"–ë–æ–µ–≤–∏–∫, –î–µ—Ç–µ–∫—Ç–∏–≤, –ö–æ–º–µ–¥–∏—è, –ò—Å—Ç–æ—Ä–∏—á–µ—Å–∫–∏–π —Ñ–∏–ª—å–º, –§–∞–Ω—Ç–∞—Å—Ç–∏–∫–∞"
10.06.2019 14:40:14,–î–µ–≤–æ—á–∫–∞,–†–∞–∑–≤–µ —á—Ç–æ –ø–æ –¥–µ–ª—É,1,–ù–µ –∑–Ω–∞—é,–ì–µ—Ç–µ—Ä–æ,–ì—É–ª—è—Ç—å,2,1,2,–ù–µ—Ç,–ú–∞—Ç–µ—à–∞,–ú–Ω–µ –≤—Å—ë —Ä–∞–≤–Ω–æ,–ù–∞–¥–æ–µ–ª,"–ß—É—Ç—å –ª—É—á—à–µ, —á–µ–º –Ω–∏—á–µ–≥–æ","–ê –∫–æ–ª–±–∞—Å–∞ –∫–∞–∫–∞—è, –∫–æ–ª–±–∞—Å–∞...","–î—Ä–∞–º–∞, –ö–æ–º–µ–¥–∏—è, –ú–µ–ª–æ–¥—Ä–∞–º–∞"
10.06.2019 14:44:03,–ú–∞–ª—å—á–∏–∫,–ß–∞—Å—Ç–æ,0,–ü–∞–±–ª–∏–∫ –≤ –≤–∫,–ì–µ—Ç–µ—Ä–æ,–°—ã—á–µ–≤–∞—Ç—å,3,2,1,–ù–µ—Ç,–ú–∞—Ç–µ—à–∞,–ú–Ω–µ –≤—Å—ë —Ä–∞–≤–Ω–æ,–û–∫—É–ø–∏—Ä–æ–≤–∞–ª –ø–æ—Å—Ç –ø—Ä–∏–∑–µ–¥–µ–Ω—Ç–∞ ,"–ß—É—Ç—å –ª—É—á—à–µ, —á–µ–º –Ω–∏—á–µ–≥–æ",–ù–µ—Ç,"–ë–æ–µ–≤–∏–∫, –î–µ—Ç–µ–∫—Ç–∏–≤, –ê–Ω–∏–º–µ, –ö–æ–º–µ–¥–∏—è, –§–∞–Ω—Ç–∞—Å—Ç–∏–∫–∞"
10.06.2019 14:45:33,–î–µ–≤–æ—á–∫–∞,–†–∞–∑–≤–µ —á—Ç–æ –ø–æ –¥–µ–ª—É,1,–ù–µ –∑–Ω–∞—é,–ì–µ—Ç–µ—Ä–æ,–°—ã—á–µ–≤–∞—Ç—å,3,0,0,–ù–µ—Ç,–õ–∏—Ç–µ—Ä–∞—Ç—É—Ä–∞,–ú–Ω–µ –≤—Å—ë —Ä–∞–≤–Ω–æ,–û—Å–∫–æ—Ä–±–ª—è—Ç—å –Ω–µ–ª—å–∑—è ,"–ß—É—Ç—å –ª—É—á—à–µ, —á–µ–º –Ω–∏—á–µ–≥–æ",–ù–µ—Ç,"–ö–æ–º–µ–¥–∏—è, –ú–µ–ª–æ–¥—Ä–∞–º–∞, –§–∏–ª—å–º —É–∂–∞—Å–æ–≤"
10.06.2019 14:47:06,–ú–∞–ª—å—á–∏–∫,–ù–µ –±–∏–ª–∏,1,–ù–µ–Ω–∞–≤–∏–∂—É –ê–±—É,–ì–µ—Ç–µ—Ä–æ,–°—ã—á–µ–≤–∞—Ç—å,5,1,0,–ù–µ—Ç,–ò–Ω–æ—Å—Ç—Ä–∞–Ω–Ω—ã–µ —è–∑—ã–∫–∏,–ú–Ω–µ –≤—Å—ë —Ä–∞–≤–Ω–æ,–ë–µ—Å—Å–º–µ—Ä—Ç–Ω—ã–π —Ç–∏—Ä–∞–Ω,–û—Ç–ª–∏—á–Ω–æ,–ù–µ—Ç,"–ë–æ–µ–≤–∏–∫, –î—Ä–∞–º–∞, –ö–æ–º–µ–¥–∏—è, –§–∞–Ω—Ç–∞—Å—Ç–∏–∫–∞"
10.06.2019 14:51:35,–î–µ–≤–æ—á–∫–∞,–ù–µ –±–∏–ª–∏,2,–ü–∞–±–ª–∏–∫ –≤ –≤–∫,–ì–µ—Ç–µ—Ä–æ,–°—ã—á–µ–≤–∞—Ç—å,2,2,7,–ù–µ—Ç,–ú–∞—Ç–µ—à–∞,–ú–Ω–µ –≤—Å—ë —Ä–∞–≤–Ω–æ,–ù–µ–ª—å–∑—è –≥–æ–≤–æ—Ä–∏—Ç—å,"–ß—É—Ç—å –ª—É—á—à–µ, —á–µ–º –Ω–∏—á–µ–≥–æ","–ê –∫–æ–ª–±–∞—Å–∞ –∫–∞–∫–∞—è, –∫–æ–ª–±–∞—Å–∞...","–î–µ—Ç–µ–∫—Ç–∏–≤, –ö–æ–º–µ–¥–∏—è, –§–∏–ª—å–º —É–∂–∞—Å–æ–≤"
10.06.2019 14:54:55,–î–µ–≤–æ—á–∫–∞,–†–∞–∑–≤–µ —á—Ç–æ –ø–æ –¥–µ–ª—É,1,–ù–µ –∑–Ω–∞—é,–ì–µ—Ç–µ—Ä–æ,–°—ã—á–µ–≤–∞—Ç—å,1,5,5,–ù–µ—Ç,–õ–∏—Ç–µ—Ä–∞—Ç—É—Ä–∞,–ú–Ω–µ –≤—Å—ë —Ä–∞–≤–Ω–æ,–ß–µ–ª–æ–≤–µ–∫,"–ß—É—Ç—å –ª—É—á—à–µ, —á–µ–º –Ω–∏—á–µ–≥–æ",–ù–µ—Ç,"–î–µ—Ç–µ–∫—Ç–∏–≤, –ö–æ–º–µ–¥–∏—è, –ú–µ–ª–æ–¥—Ä–∞–º–∞, –§–∞–Ω—Ç–∞—Å—Ç–∏–∫–∞"
10.06.2019 15:01:16,–î–µ–≤–æ—á–∫–∞,–†–∞–∑–≤–µ —á—Ç–æ –ø–æ –¥–µ–ª—É,1,–ù–µ –∑–Ω–∞—é,–ì–µ—Ç–µ—Ä–æ,–ì—É–ª—è—Ç—å,0,6,5,–ù–µ—Ç,–•–∏–º–∏—è,–ú–Ω–µ –≤—Å—ë —Ä–∞–≤–Ω–æ,"–ü–æ–ª–∏—Ç–∏–∫, –ª–∏–¥–µ—Ä –∏ –±–æ–µ—Ü","–ß—É—Ç—å –ª—É—á—à–µ, —á–µ–º –Ω–∏—á–µ–≥–æ","–ê –∫–æ–ª–±–∞—Å–∞ –∫–∞–∫–∞—è, –∫–æ–ª–±–∞—Å–∞...","–î–µ—Ç–µ–∫—Ç–∏–≤, –î—Ä–∞–º–∞, –ö–æ–º–µ–¥–∏—è, –ú–µ–ª–æ–¥—Ä–∞–º–∞"
10.06.2019 15:03:37,–ú–∞–ª—å—á–∏–∫,–ù–µ –±–∏–ª–∏,3,–ù–µ –∑–Ω–∞—é,–ê–ª—å—Ç–µ—Ä–Ω–∞—Ç–∏–≤–Ω–∞—è,–°—ã—á–µ–≤–∞—Ç—å,2,7,5,–ù–µ—Ç,–•–∏–º–∏—è,–ü–æ–ª–æ–∂–∏—Ç–µ–ª—å–Ω–æ,"–ü–æ–ª–∏—Ç–∏–∫, –ª–∏–¥–µ—Ä –∏ –±–æ–µ—Ü",–ù–æ—Ä–º–∞–ª—å–Ω–æ,–ù–µ—Ç,"–î–µ—Ç–µ–∫—Ç–∏–≤, –î—Ä–∞–º–∞, –§–∞–Ω—Ç–∞—Å—Ç–∏–∫–∞"
10.06.2019 15:08:08,–ú–∞–ª—å—á–∏–∫,–†–∞–∑–≤–µ —á—Ç–æ –ø–æ –¥–µ–ª—É,1,–ü–∞–±–ª–∏–∫ –≤ –≤–∫,–ì–µ—Ç–µ—Ä–æ,–ì—É–ª—è—Ç—å,3,3,3,–ù–µ—Ç,–ò—Å—Ç–æ—Ä–∏—è,–û—Ç—Ä–∏—Ü–∞—Ç–µ–ª—å–Ω–æ,-,–•–æ—Ä–æ—à–æ,–ù–µ—Ç,"–î–µ—Ç–µ–∫—Ç–∏–≤, –ö–æ–º–µ–¥–∏—è, –ò—Å—Ç–æ—Ä–∏—á–µ—Å–∫–∏–π —Ñ–∏–ª—å–º"
10.06.2019 15:12:29,–î–µ–≤–æ—á–∫–∞,–ù–µ –±–∏–ª–∏,2,–ü–∞–±–ª–∏–∫ –≤ –≤–∫,–ì–µ—Ç–µ—Ä–æ,–ì—É–ª—è—Ç—å,3,5,1,–ù–µ—Ç,–ú–∞—Ç–µ—à–∞,–ú–Ω–µ –≤—Å—ë —Ä–∞–≤–Ω–æ,–ü—Ä–µ–∑–∏–¥–µ–Ω—Ç,–ù–æ—Ä–º–∞–ª—å–Ω–æ,–ù–µ—Ç,"–î–µ—Ç–µ–∫—Ç–∏–≤, –ê–Ω–∏–º–µ, –ö–æ–º–µ–¥–∏—è, –ú–µ–ª–æ–¥—Ä–∞–º–∞, –§–∞–Ω—Ç–∞—Å—Ç–∏–∫–∞"
10.06.2019 15:36:25,–î–µ–≤–æ—á–∫–∞,–†–∞–∑–≤–µ —á—Ç–æ –ø–æ –¥–µ–ª—É,1,–ü–∞–±–ª–∏–∫ –≤ –≤–∫,–ë–∏,–°—ã—á–µ–≤–∞—Ç—å,3,2,5,–Ø –ø—Ä–æ—Å—Ç–æ –±–æ—é—Å—å –µ–≤—Ä–µ–µ–≤,–ò—Å—Ç–æ—Ä–∏—è,–ú–Ω–µ –≤—Å—ë —Ä–∞–≤–Ω–æ,–ù–µ —Ö–æ—á—É –ø–æ–¥ —Å—Ç–∞—Ç—å—é,–û—Ä–∏–≥–∞—Ç–æ—ë –≥–∞–π–∑–∞–π–º–∞—Å,"–ê –∫–æ–ª–±–∞—Å–∞ –∫–∞–∫–∞—è, –∫–æ–ª–±–∞—Å–∞...",–ê–Ω–∏–º–µ
10.06.2019 15:50:34,–ú–∞–ª—å—á–∏–∫,–ù–µ –±–∏–ª–∏,1,–ü–∞–±–ª–∏–∫ –≤ –≤–∫,–ì–µ—Ç–µ—Ä–æ,–°—ã—á–µ–≤–∞—Ç—å,2,1,1,–ù–µ—Ç,–•–∏–º–∏—è,–ü–æ–ª–æ–∂–∏—Ç–µ–ª—å–Ω–æ,–ù–∞—à –ø—Ä–µ–∑–∏–¥–µ–Ω—Ç —Å—Ç—Ä–∞–Ω—É –ø–æ–¥–Ω—è–ª,–ù–æ—Ä–º–∞–ª—å–Ω–æ,"–ê –∫–æ–ª–±–∞—Å–∞ –∫–∞–∫–∞—è, –∫–æ–ª–±–∞—Å–∞...","–ë–æ–µ–≤–∏–∫, –ö–æ–º–µ–¥–∏—è, –§–∏–ª—å–º —É–∂–∞—Å–æ–≤, –§–∞–Ω—Ç–∞—Å—Ç–∏–∫–∞"
10.06.2019 16:23:34,–î–µ–≤–æ—á–∫–∞,–ß–∞—Å—Ç–æ,3,–õ—É—á—à–∞—è –±–æ—Ä–¥–∞ —Ä—É–Ω–µ—Ç–∞,–ì–µ—Ç–µ—Ä–æ,–°—ã—á–µ–≤–∞—Ç—å,3,5,4,–ù–µ—Ç,–ò—Å—Ç–æ—Ä–∏—è,–ú–Ω–µ –≤—Å—ë —Ä–∞–≤–Ω–æ,–•–æ—Ä–æ—à–∏–π —á–µ–ª–æ–≤–µ–∫,–û—Ä–∏–≥–∞—Ç–æ—ë –≥–∞–π–∑–∞–π–º–∞—Å,–ù–µ—Ç,"–î–µ—Ç–µ–∫—Ç–∏–≤, –î—Ä–∞–º–∞, –ö–æ–º–µ–¥–∏—è, –§–∏–ª—å–º —É–∂–∞—Å–æ–≤"
10.06.2019 16:41:53,–ú–∞–ª—å—á–∏–∫,–†–∞–∑–≤–µ —á—Ç–æ –ø–æ –¥–µ–ª—É,1,–õ—É—á—à–∞—è –±–æ—Ä–¥–∞ —Ä—É–Ω–µ—Ç–∞,–ì–µ—Ç–µ—Ä–æ,–ì—É–ª—è—Ç—å,2,4,3,–Ø –ø—Ä–æ—Å—Ç–æ –±–æ—é—Å—å –µ–≤—Ä–µ–µ–≤,–ò–Ω—Ñ–æ—Ä–º–∞—Ç–∏–∫–∞,–û—Ç—Ä–∏—Ü–∞—Ç–µ–ª—å–Ω–æ,–ù–µ –æ—á–µ–Ω—å,–•–æ—Ä–æ—à–æ,–ù–µ—Ç,"–î–µ—Ç–µ–∫—Ç–∏–≤, –§–∏–ª—å–º —É–∂–∞—Å–æ–≤, –§–∞–Ω—Ç–∞—Å—Ç–∏–∫–∞"
10.06.2019 16:50:49,–ú–∞–ª—å—á–∏–∫,–†–∞–∑–≤–µ —á—Ç–æ –ø–æ –¥–µ–ª—É,3,–ü–∞–±–ª–∏–∫ –≤ –≤–∫,–ì–µ—Ç–µ—Ä–æ,–°—ã—á–µ–≤–∞—Ç—å,7,1,3,–ù–µ—Ç,–ò—Å—Ç–æ—Ä–∏—è,–û—Ç—Ä–∏—Ü–∞—Ç–µ–ª—å–Ω–æ,–°–∫–∞–∑–æ—á–Ω–∏–∫,–•–æ—Ä–æ—à–æ,–ù–µ—Ç,"–ë–æ–µ–≤–∏–∫, –î—Ä–∞–º–∞, –ö–æ–º–µ–¥–∏—è, –ò—Å—Ç–æ—Ä–∏—á–µ—Å–∫–∏–π —Ñ–∏–ª—å–º, –¢—Ä–∞–≥–µ–¥–∏—è, –§–∏–ª—å–º —É–∂–∞—Å–æ–≤, –§–∞–Ω—Ç–∞—Å—Ç–∏–∫–∞"
10.06.2019 17:06:24,–î–µ–≤–æ—á–∫–∞,–ù–µ –±–∏–ª–∏,1,–ù–µ –∑–Ω–∞—é,–ì–µ—Ç–µ—Ä–æ,–°—ã—á–µ–≤–∞—Ç—å,0,3,0,–ù–µ—Ç,–ú–∞—Ç–µ—à–∞,–ú–Ω–µ –≤—Å—ë —Ä–∞–≤–Ω–æ,–ú–æ–ª–æ–¥–µ—Ü,–ù–æ—Ä–º–∞–ª—å–Ω–æ,"–ê –∫–æ–ª–±–∞—Å–∞ –∫–∞–∫–∞—è, –∫–æ–ª–±–∞—Å–∞...","–ö–æ–º–µ–¥–∏—è, –§–∏–ª—å–º —É–∂–∞—Å–æ–≤"
10.06.2019 17:07:39,–î–µ–≤–æ—á–∫–∞,–ù–µ –±–∏–ª–∏,2,–ù–µ –∑–Ω–∞—é,–ì–µ—Ç–µ—Ä–æ,–°—ã—á–µ–≤–∞—Ç—å,3,3,7,–ù–µ—Ç,–ë–∏–æ–ª–æ–≥–∏—è,–ú–Ω–µ –≤—Å—ë —Ä–∞–≤–Ω–æ,"–ü–æ–ª–∏—Ç–∏–∫, –ª–∏–¥–µ—Ä –∏ –±–æ–µ—Ü","–ß—É—Ç—å –ª—É—á—à–µ, —á–µ–º –Ω–∏—á–µ–≥–æ","–ê –∫–æ–ª–±–∞—Å–∞ –∫–∞–∫–∞—è, –∫–æ–ª–±–∞—Å–∞...","–î—Ä–∞–º–∞, –ö–æ–º–µ–¥–∏—è, –§–∞–Ω—Ç–∞—Å—Ç–∏–∫–∞"
10.06.2019 17:18:52,–ú–∞–ª—å—á–∏–∫,–ß–∞—Å—Ç–æ,2,–ù–µ–Ω–∞–≤–∏–∂—É –ê–±—É,–ì–µ—Ç–µ—Ä–æ,–ì—É–ª—è—Ç—å,3,2,2,–ù–µ—Ç,–ò–Ω—Ñ–æ—Ä–º–∞—Ç–∏–∫–∞,–ü–æ–ª–æ–∂–∏—Ç–µ–ª—å–Ω–æ,–§–æ—Ñ–∞–Ω ,"–ß—É—Ç—å –ª—É—á—à–µ, —á–µ–º –Ω–∏—á–µ–≥–æ",–ù–µ—Ç,"–î–µ—Ç–µ–∫—Ç–∏–≤, –ö–æ–º–µ–¥–∏—è, –§–∏–ª—å–º —É–∂–∞—Å–æ–≤, –§–∞–Ω—Ç–∞—Å—Ç–∏–∫–∞"
10.06.2019 17:27:26,–î–µ–≤–æ—á–∫–∞,–†–∞–∑–≤–µ —á—Ç–æ –ø–æ –¥–µ–ª—É,5,–ù–µ –∑–Ω–∞—é,–ì–µ—Ç–µ—Ä–æ,–ì—É–ª—è—Ç—å,2,1,4,–ù–µ—Ç,–õ–∏—Ç–µ—Ä–∞—Ç—É—Ä–∞,–ú–Ω–µ –≤—Å—ë —Ä–∞–≤–Ω–æ,"–ü–æ–ª–∏—Ç–∏–∫, –ª–∏–¥–µ—Ä –∏ –±–æ–µ—Ü",–ù–≠–ô–¢–ò–í –ò–ù–ì–õ–ò–® –°–ü–ò–ö–ï–†,"–ê –∫–æ–ª–±–∞—Å–∞ –∫–∞–∫–∞—è, –∫–æ–ª–±–∞—Å–∞...","–ö–æ–º–µ–¥–∏—è, –§–∏–ª—å–º —É–∂–∞—Å–æ–≤"
10.06.2019 17:34:25,–î–µ–≤–æ—á–∫–∞,–ß–∞—Å—Ç–æ,0,–ü–∞–±–ª–∏–∫ –≤ –≤–∫,–ê–ª—å—Ç–µ—Ä–Ω–∞—Ç–∏–≤–Ω–∞—è,–°—ã—á–µ–≤–∞—Ç—å,1,4,1,–ù–µ—Ç,–•–∏–º–∏—è,–ú–Ω–µ –≤—Å—ë —Ä–∞–≤–Ω–æ,üëé,–•–æ—Ä–æ—à–æ,"–ê –∫–æ–ª–±–∞—Å–∞ –∫–∞–∫–∞—è, –∫–æ–ª–±–∞—Å–∞...","–î–µ—Ç–µ–∫—Ç–∏–≤, –î—Ä–∞–º–∞, –¢—Ä–∞–≥–µ–¥–∏—è, –§–∏–ª—å–º —É–∂–∞—Å–æ–≤"
10.06.2019 17:38:50,–î–µ–≤–æ—á–∫–∞,–ù–µ –±–∏–ª–∏,0,–ù–µ –∑–Ω–∞—é,–ì–µ—Ç–µ—Ä–æ,–°—ã—á–µ–≤–∞—Ç—å,0,5,7,–ù–µ—Ç,–õ–∏—Ç–µ—Ä–∞—Ç—É—Ä–∞,–ú–Ω–µ –≤—Å—ë —Ä–∞–≤–Ω–æ,"–ü–æ–ª–∏—Ç–∏–∫, –ª–∏–¥–µ—Ä –∏ –±–æ–µ—Ü","–ß—É—Ç—å –ª—É—á—à–µ, —á–µ–º –Ω–∏—á–µ–≥–æ",–ù–µ—Ç,"–ë–æ–µ–≤–∏–∫, –î–µ—Ç–µ–∫—Ç–∏–≤, –ê–Ω–∏–º–µ, –î—Ä–∞–º–∞, –ö–æ–º–µ–¥–∏—è, –¢—Ä–∞–≥–µ–¥–∏—è"
10.06.2019 17:40:11,–î–µ–≤–æ—á–∫–∞,–ù–µ –±–∏–ª–∏,2,–ü–∞–±–ª–∏–∫ –≤ –≤–∫,–ì–µ—Ç–µ—Ä–æ,–°—ã—á–µ–≤–∞—Ç—å,1,1,1,–ù–µ—Ç,–õ–∏—Ç–µ—Ä–∞—Ç—É—Ä–∞,–ü–æ–ª–æ–∂–∏—Ç–µ–ª—å–Ω–æ,"–ü–æ–ª–∏—Ç–∏–∫, –ª–∏–¥–µ—Ä –∏ –±–æ–µ—Ü","–ß—É—Ç—å –ª—É—á—à–µ, —á–µ–º –Ω–∏—á–µ–≥–æ",–ù–µ—Ç,"–ê–Ω–∏–º–µ, –î—Ä–∞–º–∞, –ö–æ–º–µ–¥–∏—è"
10.06.2019 19:08:36,–î–µ–≤–æ—á–∫–∞,–†–∞–∑–≤–µ —á—Ç–æ –ø–æ –¥–µ–ª—É,1,–ü–∞–±–ª–∏–∫ –≤ –≤–∫,–ì–µ—Ç–µ—Ä–æ,–°—ã—á–µ–≤–∞—Ç—å,4,5,2,–ù–µ—Ç,–•–∏–º–∏—è,–ú–Ω–µ –≤—Å—ë —Ä–∞–≤–Ω–æ,"–ü–æ–ª–∏—Ç–∏–∫, –ª–∏–¥–µ—Ä –∏ –±–æ–µ—Ü","–ß—É—Ç—å –ª—É—á—à–µ, —á–µ–º –Ω–∏—á–µ–≥–æ","–ê –∫–æ–ª–±–∞—Å–∞ –∫–∞–∫–∞—è, –∫–æ–ª–±–∞—Å–∞...","–ë–æ–µ–≤–∏–∫, –î–µ—Ç–µ–∫—Ç–∏–≤, –ö–æ–º–µ–¥–∏—è, –§–∞–Ω—Ç–∞—Å—Ç–∏–∫–∞"
10.06.2019 19:16:12,–î–µ–≤–æ—á–∫–∞,–ù–µ –±–∏–ª–∏,0,–ü–∞–±–ª–∏–∫ –≤ –≤–∫,–ì–µ—Ç–µ—Ä–æ,–ì—É–ª—è—Ç—å,0,2,2,–Ø –ø—Ä–æ—Å—Ç–æ –±–æ—é—Å—å –µ–≤—Ä–µ–µ–≤,–ò–Ω–æ—Å—Ç—Ä–∞–Ω–Ω—ã–µ —è–∑—ã–∫–∏,–ú–Ω–µ –≤—Å—ë —Ä–∞–≤–Ω–æ,"–ü–æ–ª–∏—Ç–∏–∫, –ª–∏–¥–µ—Ä –∏ –±–æ–µ—Ü",–ù–≠–ô–¢–ò–í –ò–ù–ì–õ–ò–® –°–ü–ò–ö–ï–†,–ù–µ—Ç,"–ë–æ–µ–≤–∏–∫, –ö–æ–º–µ–¥–∏—è, –ú–µ–ª–æ–¥—Ä–∞–º–∞, –ò—Å—Ç–æ—Ä–∏—á–µ—Å–∫–∏–π —Ñ–∏–ª—å–º"
10.06.2019 19:55:21,–ú–∞–ª—å—á–∏–∫,–ù–µ –±–∏–ª–∏,1,–ù–µ –∑–Ω–∞—é,–ì–µ—Ç–µ—Ä–æ,–°—ã—á–µ–≤–∞—Ç—å,2,1,1,–ù–µ—Ç,–§–∏–∑–∏–∫–∞,–û—Ç—Ä–∏—Ü–∞—Ç–µ–ª—å–Ω–æ,–°–∫–∞–∑–æ—á–Ω—ã–π,–û—Ä–∏–≥–∞—Ç–æ—ë –≥–∞–π–∑–∞–π–º–∞—Å,–ù–µ—Ç,–ò—Å—Ç–æ—Ä–∏—á–µ—Å–∫–∏–π —Ñ–∏–ª—å–º
10.06.2019 20:11:07,–î–µ–≤–æ—á–∫–∞,–ù–µ –±–∏–ª–∏,2,–ù–µ –∑–Ω–∞—é,–ì–µ—Ç–µ—Ä–æ,–ì—É–ª—è—Ç—å,0,2,6,–ù–µ—Ç,–ë–∏–æ–ª–æ–≥–∏—è,–ú–Ω–µ –≤—Å—ë —Ä–∞–≤–Ω–æ,"–ü–æ–ª–∏—Ç–∏–∫, –ª–∏–¥–µ—Ä –∏ –±–æ–µ—Ü",–ù–≠–ô–¢–ò–í –ò–ù–ì–õ–ò–® –°–ü–ò–ö–ï–†,–ù–µ—Ç,"–î–µ—Ç–µ–∫—Ç–∏–≤, –î—Ä–∞–º–∞, –ö–æ–º–µ–¥–∏—è, –ú–µ–ª–æ–¥—Ä–∞–º–∞"
10.06.2019 20:30:16,–ú–∞–ª—å—á–∏–∫,–ù–µ –±–∏–ª–∏,2,–ù–µ –∑–Ω–∞—é,–ì–µ—Ç–µ—Ä–æ,–°—ã—á–µ–≤–∞—Ç—å,3,3,3,–ù–µ—Ç,–ò–Ω—Ñ–æ—Ä–º–∞—Ç–∏–∫–∞,–ü–æ–ª–æ–∂–∏—Ç–µ–ª—å–Ω–æ,"–ü–æ–ª–∏—Ç–∏–∫, –ª–∏–¥–µ—Ä –∏ –±–æ–µ—Ü",–û—Ä–∏–≥–∞—Ç–æ—ë –≥–∞–π–∑–∞–π–º–∞—Å,–ù–µ—Ç,"–ë–æ–µ–≤–∏–∫, –ò—Å—Ç–æ—Ä–∏—á–µ—Å–∫–∏–π —Ñ–∏–ª—å–º"
10.06.2019 20:52:32,–î–µ–≤–æ—á–∫–∞,–ù–µ –±–∏–ª–∏,2,–õ—É—á—à–∞—è –±–æ—Ä–¥–∞ —Ä—É–Ω–µ—Ç–∞,–ì–µ—Ç–µ—Ä–æ,–°—ã—á–µ–≤–∞—Ç—å,3,5,7,–ù–µ—Ç,–ò–Ω–æ—Å—Ç—Ä–∞–Ω–Ω—ã–µ —è–∑—ã–∫–∏,–û—Ç—Ä–∏—Ü–∞—Ç–µ–ª—å–Ω–æ,–ì–æ–≤–Ω–æ,–û—Ç–ª–∏—á–Ω–æ,–ù–µ—Ç,"–î–µ—Ç–µ–∫—Ç–∏–≤, –î—Ä–∞–º–∞, –ö–æ–º–µ–¥–∏—è, –ú–µ–ª–æ–¥—Ä–∞–º–∞, –§–∏–ª—å–º —É–∂–∞—Å–æ–≤"
10.06.2019 22:09:18,–î–µ–≤–æ—á–∫–∞,–†–∞–∑–≤–µ —á—Ç–æ –ø–æ –¥–µ–ª—É,1,–ü–∞–±–ª–∏–∫ –≤ –≤–∫,–ì–µ—Ç–µ—Ä–æ,–°—ã—á–µ–≤–∞—Ç—å,0,4,4,–ù–µ—Ç,–ë–∏–æ–ª–æ–≥–∏—è,–ú–Ω–µ –≤—Å—ë —Ä–∞–≤–Ω–æ,"–ü–æ–ª–∏—Ç–∏–∫, –ª–∏–¥–µ—Ä –∏ –±–æ–µ—Ü","–ß—É—Ç—å –ª—É—á—à–µ, —á–µ–º –Ω–∏—á–µ–≥–æ","–ê –∫–æ–ª–±–∞—Å–∞ –∫–∞–∫–∞—è, –∫–æ–ª–±–∞—Å–∞...",–î–µ—Ç–µ–∫—Ç–∏–≤
10.06.2019 22:11:03,–î–µ–≤–æ—á–∫–∞,–ù–µ –±–∏–ª–∏,1,–ù–µ –∑–Ω–∞—é,–ì–µ—Ç–µ—Ä–æ,–°—ã—á–µ–≤–∞—Ç—å,1,1,1,–ù–µ—Ç,–§–∏–∑–∏–∫–∞,–ú–Ω–µ –≤—Å—ë —Ä–∞–≤–Ω–æ,–ú–æ–ª–æ–¥–µ—Ü,–û—Ä–∏–≥–∞—Ç–æ—ë –≥–∞–π–∑–∞–π–º–∞—Å,–ù–µ—Ç,"–ë–æ–µ–≤–∏–∫, –î–µ—Ç–µ–∫—Ç–∏–≤, –ê–Ω–∏–º–µ, –î—Ä–∞–º–∞, –ö–æ–º–µ–¥–∏—è, –ú–µ–ª–æ–¥—Ä–∞–º–∞, –ò—Å—Ç–æ—Ä–∏—á–µ—Å–∫–∏–π —Ñ–∏–ª—å–º, –¢—Ä–∞–≥–µ–¥–∏—è, –§–∏–ª—å–º —É–∂–∞—Å–æ–≤, –§–∞–Ω—Ç–∞—Å—Ç–∏–∫–∞"
10.06.2019 22:15:26,–ú–∞–ª—å—á–∏–∫,–ù–µ –±–∏–ª–∏,0,–õ—É—á—à–∞—è –±–æ—Ä–¥–∞ —Ä—É–Ω–µ—Ç–∞,–ì–µ—Ç–µ—Ä–æ,–°—ã—á–µ–≤–∞—Ç—å,4,4,0,–ù–µ—Ç,–§–∏–∑–∏–∫–∞,–ú–Ω–µ –≤—Å—ë —Ä–∞–≤–Ω–æ,–ú–æ–ª–æ–¥–µ—Ü,"–ß—É—Ç—å –ª—É—á—à–µ, —á–µ–º –Ω–∏—á–µ–≥–æ","–ê –∫–æ–ª–±–∞—Å–∞ –∫–∞–∫–∞—è, –∫–æ–ª–±–∞—Å–∞...",–§–∞–Ω—Ç–∞—Å—Ç–∏–∫–∞
10.06.2019 22:15:42,–î–µ–≤–æ—á–∫–∞,–†–∞–∑–≤–µ —á—Ç–æ –ø–æ –¥–µ–ª—É,1,–ü–∞–±–ª–∏–∫ –≤ –≤–∫,–ì–µ—Ç–µ—Ä–æ,–°—ã—á–µ–≤–∞—Ç—å,5,6,2,–ù–µ—Ç,–õ–∏—Ç–µ—Ä–∞—Ç—É—Ä–∞,–ü–æ–ª–æ–∂–∏—Ç–µ–ª—å–Ω–æ,"–ü–æ–ª–∏—Ç–∏–∫, –ª–∏–¥–µ—Ä –∏ –±–æ–µ—Ü",–ù–æ—Ä–º–∞–ª—å–Ω–æ,–ù–µ—Ç,"–ë–æ–µ–≤–∏–∫, –î–µ—Ç–µ–∫—Ç–∏–≤, –î—Ä–∞–º–∞, –ö–æ–º–µ–¥–∏—è, –ú–µ–ª–æ–¥—Ä–∞–º–∞, –¢—Ä–∞–≥–µ–¥–∏—è, –§–∏–ª—å–º —É–∂–∞—Å–æ–≤"
10.06.2019 22:35:59,–ú–∞–ª—å—á–∏–∫,–†–∞–∑–≤–µ —á—Ç–æ –ø–æ –¥–µ–ª—É,0,–ù–µ –∑–Ω–∞—é,–ì–µ—Ç–µ—Ä–æ,–ì—É–ª—è—Ç—å,0,1,1,–ù–µ—Ç,–§–∏–∑–∏–∫–∞,–ü–æ–ª–æ–∂–∏—Ç–µ–ª—å–Ω–æ,"–ü–æ–ª–∏—Ç–∏–∫, –ª–∏–¥–µ—Ä –∏ –±–æ–µ—Ü","–ß—É—Ç—å –ª—É—á—à–µ, —á–µ–º –Ω–∏—á–µ–≥–æ",–ù–µ—Ç,"–ë–æ–µ–≤–∏–∫, –ö–æ–º–µ–¥–∏—è, –§–∞–Ω—Ç–∞—Å—Ç–∏–∫–∞"
10.06.2019 23:44:53,–ú–∞–ª—å—á–∏–∫,–†–∞–∑–≤–µ —á—Ç–æ –ø–æ –¥–µ–ª—É,1,–ü–∞–±–ª–∏–∫ –≤ –≤–∫,–ì–µ—Ç–µ—Ä–æ,–ì—É–ª—è—Ç—å,3,5,4,–ù–µ—Ç,–ò–Ω—Ñ–æ—Ä–º–∞—Ç–∏–∫–∞,–ü–æ–ª–æ–∂–∏—Ç–µ–ª—å–Ω–æ,"–ü–æ–ª–∏—Ç–∏–∫, –ª–∏–¥–µ—Ä –∏ –±–æ–µ—Ü","–ß—É—Ç—å –ª—É—á—à–µ, —á–µ–º –Ω–∏—á–µ–≥–æ",–ù–µ—Ç,"–ê–Ω–∏–º–µ, –ö–æ–º–µ–¥–∏—è, –ò—Å—Ç–æ—Ä–∏—á–µ—Å–∫–∏–π —Ñ–∏–ª—å–º, –§–∏–ª—å–º —É–∂–∞—Å–æ–≤, –§–∞–Ω—Ç–∞—Å—Ç–∏–∫–∞"
11.06.2019 0:14:45,–ú–∞–ª—å—á–∏–∫,–†–∞–∑–≤–µ —á—Ç–æ –ø–æ –¥–µ–ª—É,1,–ü–∞–±–ª–∏–∫ –≤ –≤–∫,–ì–µ—Ç–µ—Ä–æ,–°—ã—á–µ–≤–∞—Ç—å,6,1,3,–ù–µ—Ç,–ë–∏–æ–ª–æ–≥–∏—è,–ú–Ω–µ –≤—Å—ë —Ä–∞–≤–Ω–æ,"–ü–æ–ª–∏—Ç–∏–∫, –ª–∏–¥–µ—Ä –∏ –±–æ–µ—Ü",–û—Ä–∏–≥–∞—Ç–æ—ë –≥–∞–π–∑–∞–π–º–∞—Å,"–ê –∫–æ–ª–±–∞—Å–∞ –∫–∞–∫–∞—è, –∫–æ–ª–±–∞—Å–∞...","–ê–Ω–∏–º–µ, –ö–æ–º–µ–¥–∏—è, –§–∞–Ω—Ç–∞—Å—Ç–∏–∫–∞"
11.06.2019 0:46:34,–î–µ–≤–æ—á–∫–∞,–†–∞–∑–≤–µ —á—Ç–æ –ø–æ –¥–µ–ª—É,1,–ù–µ –∑–Ω–∞—é,–ì–µ—Ç–µ—Ä–æ,–ì—É–ª—è—Ç—å,1,1,1,–ù–µ—Ç,–ë–∏–æ–ª–æ–≥–∏—è,–ú–Ω–µ –≤—Å—ë —Ä–∞–≤–Ω–æ,–±–ª–∞ –±–ª–∞,"–ß—É—Ç—å –ª—É—á—à–µ, —á–µ–º –Ω–∏—á–µ–≥–æ",–ù–µ—Ç,"–ë–æ–µ–≤–∏–∫, –î–µ—Ç–µ–∫—Ç–∏–≤, –ê–Ω–∏–º–µ, –ö–æ–º–µ–¥–∏—è"
11.06.2019 0:50:22,–î–µ–≤–æ—á–∫–∞,–†–∞–∑–≤–µ —á—Ç–æ –ø–æ –¥–µ–ª—É,3,–ù–µ –∑–Ω–∞—é,–ë–∏,–°—ã—á–µ–≤–∞—Ç—å,2,5,0,–ù–µ—Ç,–ò–Ω–æ—Å—Ç—Ä–∞–Ω–Ω—ã–µ —è–∑—ã–∫–∏,–ú–Ω–µ –≤—Å—ë —Ä–∞–≤–Ω–æ,"–ü–æ–ª–∏—Ç–∏–∫, –ª–∏–¥–µ—Ä –∏ –±–æ–µ—Ü",–•–æ—Ä–æ—à–æ,–ù–µ—Ç,"–î–µ—Ç–µ–∫—Ç–∏–≤, –î—Ä–∞–º–∞, –ö–æ–º–µ–¥–∏—è, –¢—Ä–∞–≥–µ–¥–∏—è, –§–∏–ª—å–º —É–∂–∞—Å–æ–≤"
11.06.2019 2:01:23,–î–µ–≤–æ—á–∫–∞,–ß–∞—Å—Ç–æ,3,–õ—É—á—à–∞—è –±–æ—Ä–¥–∞ —Ä—É–Ω–µ—Ç–∞,–ì–µ—Ç–µ—Ä–æ,–ì—É–ª—è—Ç—å,7,1,7,–ù–µ—Ç,–ò–Ω–æ—Å—Ç—Ä–∞–Ω–Ω—ã–µ —è–∑—ã–∫–∏,–ü–æ–ª–æ–∂–∏—Ç–µ–ª—å–Ω–æ,"–ü–æ–ª–∏—Ç–∏–∫, –ª–∏–¥–µ—Ä –∏ –±–æ–µ—Ü",–ù–æ—Ä–º–∞–ª—å–Ω–æ,–ù–µ—Ç,"–ë–æ–µ–≤–∏–∫, –î–µ—Ç–µ–∫—Ç–∏–≤, –ê–Ω–∏–º–µ, –ö–æ–º–µ–¥–∏—è, –§–∏–ª—å–º —É–∂–∞—Å–æ–≤, –§–∞–Ω—Ç–∞—Å—Ç–∏–∫–∞"
11.06.2019 11:11:28,–î–µ–≤–æ—á–∫–∞,–†–∞–∑–≤–µ —á—Ç–æ –ø–æ –¥–µ–ª—É,1,–ù–µ–Ω–∞–≤–∏–∂—É –ê–±—É,–ë–∏,–°—ã—á–µ–≤–∞—Ç—å,0,4,5,–Ø –ø—Ä–æ—Å—Ç–æ –±–æ—é—Å—å –µ–≤—Ä–µ–µ–≤,–õ–∏—Ç–µ—Ä–∞—Ç—É—Ä–∞,–ú–Ω–µ –≤—Å—ë —Ä–∞–≤–Ω–æ,"–ü–æ–ª–∏—Ç–∏–∫, –ª–∏–¥–µ—Ä –∏ –±–æ–µ—Ü","–ß—É—Ç—å –ª—É—á—à–µ, —á–µ–º –Ω–∏—á–µ–≥–æ","–ê –∫–æ–ª–±–∞—Å–∞ –∫–∞–∫–∞—è, –∫–æ–ª–±–∞—Å–∞...","–ö–æ–º–µ–¥–∏—è, –ú–µ–ª–æ–¥—Ä–∞–º–∞, –§–∏–ª—å–º —É–∂–∞—Å–æ–≤"
11.06.2019 11:26:38,–ú–∞–ª—å—á–∏–∫,–ù–µ –±–∏–ª–∏,1,–õ—É—á—à–∞—è –±–æ—Ä–¥–∞ —Ä—É–Ω–µ—Ç–∞,–ì–µ—Ç–µ—Ä–æ,–°—ã—á–µ–≤–∞—Ç—å,1,0,1,–ù–µ—Ç,–ò–Ω—Ñ–æ—Ä–º–∞—Ç–∏–∫–∞,–ú–Ω–µ –≤—Å—ë —Ä–∞–≤–Ω–æ,–ú–æ–ª–æ–¥–µ—Ü,–•–æ—Ä–æ—à–æ,–ù–µ—Ç,"–ê–Ω–∏–º–µ, –¢—Ä–∞–≥–µ–¥–∏—è, –§–∞–Ω—Ç–∞—Å—Ç–∏–∫–∞"
11.06.2019 11:28:24,–ú–∞–ª—å—á–∏–∫,–†–∞–∑–≤–µ —á—Ç–æ –ø–æ –¥–µ–ª—É,3,–õ—É—á—à–∞—è –±–æ—Ä–¥–∞ —Ä—É–Ω–µ—Ç–∞,–ì–µ—Ç–µ—Ä–æ,–°—ã—á–µ–≤–∞—Ç—å,1,0,1,–ù–µ—Ç,–§–∏–∑–∏–∫–∞,–ú–Ω–µ –≤—Å—ë —Ä–∞–≤–Ω–æ,"–ü–æ–ª–∏—Ç–∏–∫, –ª–∏–¥–µ—Ä –∏ –±–æ–µ—Ü","–ß—É—Ç—å –ª—É—á—à–µ, —á–µ–º –Ω–∏—á–µ–≥–æ",–ù–µ—Ç,"–ë–æ–µ–≤–∏–∫, –ê–Ω–∏–º–µ, –ö–æ–º–µ–¥–∏—è, –ò—Å—Ç–æ—Ä–∏—á–µ—Å–∫–∏–π —Ñ–∏–ª—å–º, –§–∞–Ω—Ç–∞—Å—Ç–∏–∫–∞"
11.06.2019 11:29:59,–ú–∞–ª—å—á–∏–∫,–†–∞–∑–≤–µ —á—Ç–æ –ø–æ –¥–µ–ª—É,3,–õ—É—á—à–∞—è –±–æ—Ä–¥–∞ —Ä—É–Ω–µ—Ç–∞,–ì–µ—Ç–µ—Ä–æ,–°—ã—á–µ–≤–∞—Ç—å,1,0,1,–ù–µ—Ç,–§–∏–∑–∏–∫–∞,–ú–Ω–µ –≤—Å—ë —Ä–∞–≤–Ω–æ,"–ü–æ–ª–∏—Ç–∏–∫, –ª–∏–¥–µ—Ä –∏ –±–æ–µ—Ü","–ß—É—Ç—å –ª—É—á—à–µ, —á–µ–º –Ω–∏—á–µ–≥–æ",–ù–µ—Ç,"–ë–æ–µ–≤–∏–∫, –ê–Ω–∏–º–µ, –ö–æ–º–µ–¥–∏—è, –§–∞–Ω—Ç–∞—Å—Ç–∏–∫–∞"
11.06.2019 12:40:24,–î–µ–≤–æ—á–∫–∞,–†–∞–∑–≤–µ —á—Ç–æ –ø–æ –¥–µ–ª—É,4,–õ—É—á—à–∞—è –±–æ—Ä–¥–∞ —Ä—É–Ω–µ—Ç–∞,–ì–µ—Ç–µ—Ä–æ,–°—ã—á–µ–≤–∞—Ç—å,1,5,7,–ù–µ—Ç,–õ–∏—Ç–µ—Ä–∞—Ç—É—Ä–∞,–ú–Ω–µ –≤—Å—ë —Ä–∞–≤–Ω–æ,"–ü–æ–ª–∏—Ç–∏–∫, –ª–∏–¥–µ—Ä –∏ –±–æ–µ—Ü",–ù–≠–ô–¢–ò–í –ò–ù–ì–õ–ò–® –°–ü–ò–ö–ï–†,–ù–µ—Ç,"–ë–æ–µ–≤–∏–∫, –î–µ—Ç–µ–∫—Ç–∏–≤, –§–∏–ª—å–º —É–∂–∞—Å–æ–≤, –§–∞–Ω—Ç–∞—Å—Ç–∏–∫–∞"
11.06.2019 12:53:58,–î–µ–≤–æ—á–∫–∞,–ù–µ –±–∏–ª–∏,2,–ù–µ –∑–Ω–∞—é,–ì–µ—Ç–µ—Ä–æ,–°—ã—á–µ–≤–∞—Ç—å,1,5,4,–ù–µ—Ç,–õ–∏—Ç–µ—Ä–∞—Ç—É—Ä–∞,–ú–Ω–µ –≤—Å—ë —Ä–∞–≤–Ω–æ,–ü—Ä–µ–∑–∏–¥–µ–Ω—Ç ,"–ß—É—Ç—å –ª—É—á—à–µ, —á–µ–º –Ω–∏—á–µ–≥–æ","–ê –∫–æ–ª–±–∞—Å–∞ –∫–∞–∫–∞—è, –∫–æ–ª–±–∞—Å–∞...","–ê–Ω–∏–º–µ, –î—Ä–∞–º–∞, –ö–æ–º–µ–¥–∏—è, –ú–µ–ª–æ–¥—Ä–∞–º–∞, –ò—Å—Ç–æ—Ä–∏—á–µ—Å–∫–∏–π —Ñ–∏–ª—å–º, –§–∞–Ω—Ç–∞—Å—Ç–∏–∫–∞"
11.06.2019 16:09:09,–ú–∞–ª—å—á–∏–∫,–ù–µ –±–∏–ª–∏,0,–ù–µ–Ω–∞–≤–∏–∂—É –ê–±—É,–ì–µ—Ç–µ—Ä–æ,–ì—É–ª—è—Ç—å,1,4,3,–ù–µ—Ç,–ò–Ω–æ—Å—Ç—Ä–∞–Ω–Ω—ã–µ —è–∑—ã–∫–∏,–ú–Ω–µ –≤—Å—ë —Ä–∞–≤–Ω–æ,-,–ù–æ—Ä–º–∞–ª—å–Ω–æ,–ù–µ—Ç,"–ë–æ–µ–≤–∏–∫, –î–µ—Ç–µ–∫—Ç–∏–≤, –ö–æ–º–µ–¥–∏—è, –§–∏–ª—å–º —É–∂–∞—Å–æ–≤"
11.06.2019 16:22:10,–î–µ–≤–æ—á–∫–∞,–ß–∞—Å—Ç–æ,0,–õ—É—á—à–∞—è –±–æ—Ä–¥–∞ —Ä—É–Ω–µ—Ç–∞,–ì–µ—Ç–µ—Ä–æ,–ì—É–ª—è—Ç—å,3,5,2,–ù–µ—Ç,–•–∏–º–∏—è,–ú–Ω–µ –≤—Å—ë —Ä–∞–≤–Ω–æ,–ú–æ–ª–æ–¥–µ—Ü,–ù–æ—Ä–º–∞–ª—å–Ω–æ,–ù–µ—Ç,"–î–µ—Ç–µ–∫—Ç–∏–≤, –ö–æ–º–µ–¥–∏—è, –§–∏–ª—å–º —É–∂–∞—Å–æ–≤"
11.06.2019 16:59:02,–î–µ–≤–æ—á–∫–∞,–ù–µ –±–∏–ª–∏,4,–ù–µ –∑–Ω–∞—é,–ì–µ—Ç–µ—Ä–æ,–ì—É–ª—è—Ç—å,0,4,5,–ù–µ—Ç,–ú–∞—Ç–µ—à–∞,–ú–Ω–µ –≤—Å—ë —Ä–∞–≤–Ω–æ,–¶–∞—Ä—å,–•–æ—Ä–æ—à–æ,"–ê –∫–æ–ª–±–∞—Å–∞ –∫–∞–∫–∞—è, –∫–æ–ª–±–∞—Å–∞...","–î—Ä–∞–º–∞, –ú–µ–ª–æ–¥—Ä–∞–º–∞, –¢—Ä–∞–≥–µ–¥–∏—è, –§–∏–ª—å–º —É–∂–∞—Å–æ–≤, –§–∞–Ω—Ç–∞—Å—Ç–∏–∫–∞"
11.06.2019 19:51:51,–î–µ–≤–æ—á–∫–∞,–ù–µ –±–∏–ª–∏,1,–ù–µ –∑–Ω–∞—é,–ë–∏,–°—ã—á–µ–≤–∞—Ç—å,3,5,7,–ù–µ—Ç,–õ–∏—Ç–µ—Ä–∞—Ç—É—Ä–∞,–ú–Ω–µ –≤—Å—ë —Ä–∞–≤–Ω–æ,–ú–æ–ª–æ–¥–µ—Ü,"–ß—É—Ç—å –ª—É—á—à–µ, —á–µ–º –Ω–∏—á–µ–≥–æ","–ê –∫–æ–ª–±–∞—Å–∞ –∫–∞–∫–∞—è, –∫–æ–ª–±–∞—Å–∞...","–î–µ—Ç–µ–∫—Ç–∏–≤, –ò—Å—Ç–æ—Ä–∏—á–µ—Å–∫–∏–π —Ñ–∏–ª—å–º, –§–∞–Ω—Ç–∞—Å—Ç–∏–∫–∞"
11.06.2019 20:03:10,–ú–∞–ª—å—á–∏–∫,–ù–µ –±–∏–ª–∏,0,–ù–µ –∑–Ω–∞—é,–ì–µ—Ç–µ—Ä–æ,–ì—É–ª—è—Ç—å,1,1,2,–ù–µ—Ç,–§–∏–∑–∏–∫–∞,–ú–Ω–µ –≤—Å—ë —Ä–∞–≤–Ω–æ,–û—Ç—Ä–∏—Ü–∞—Ç–µ–ª—å–Ω—ã–π –ø–µ—Ä—Å–æ–Ω–∞–∂ ,–ù–æ—Ä–º–∞–ª—å–Ω–æ,–ù–µ—Ç,"–î—Ä–∞–º–∞, –ö–æ–º–µ–¥–∏—è, –§–∞–Ω—Ç–∞—Å—Ç–∏–∫–∞"
11.06.2019 20:16:22,–ú–∞–ª—å—á–∏–∫,–†–∞–∑–≤–µ —á—Ç–æ –ø–æ –¥–µ–ª—É,2,–ü–∞–±–ª–∏–∫ –≤ –≤–∫,–ì–µ—Ç–µ—Ä–æ,–°—ã—á–µ–≤–∞—Ç—å,0,7,1,–ù–µ—Ç,–§–∏–∑–∏–∫–∞,–ú–Ω–µ –≤—Å—ë —Ä–∞–≤–Ω–æ,–ú–æ–ª–æ–¥–µ—Ü,"–ß—É—Ç—å –ª—É—á—à–µ, —á–µ–º –Ω–∏—á–µ–≥–æ","–ê –∫–æ–ª–±–∞—Å–∞ –∫–∞–∫–∞—è, –∫–æ–ª–±–∞—Å–∞...","–î–µ—Ç–µ–∫—Ç–∏–≤, –î—Ä–∞–º–∞, –ö–æ–º–µ–¥–∏—è, –§–∞–Ω—Ç–∞—Å—Ç–∏–∫–∞"
11.06.2019 21:41:20,–î–µ–≤–æ—á–∫–∞,–ù–µ –±–∏–ª–∏,3,–õ—É—á—à–∞—è –±–æ—Ä–¥–∞ —Ä—É–Ω–µ—Ç–∞,–ë–∏,–°—ã—á–µ–≤–∞—Ç—å,1,4,3,–ù–µ—Ç,–•–∏–º–∏—è,–û—Ç—Ä–∏—Ü–∞—Ç–µ–ª—å–Ω–æ,–ú–æ–ª–æ–¥–µ—Ü,–û—Ä–∏–≥–∞—Ç–æ—ë –≥–∞–π–∑–∞–π–º–∞—Å,"–ê –∫–æ–ª–±–∞—Å–∞ –∫–∞–∫–∞—è, –∫–æ–ª–±–∞—Å–∞...","–î–µ—Ç–µ–∫—Ç–∏–≤, –¢—Ä–∞–≥–µ–¥–∏—è, –§–∏–ª—å–º —É–∂–∞—Å–æ–≤"
11.06.2019 23:03:27,–ú–∞–ª—å—á–∏–∫,–ù–µ –±–∏–ª–∏,2,–ù–µ –∑–Ω–∞—é,–ê–ª—å—Ç–µ—Ä–Ω–∞—Ç–∏–≤–Ω–∞—è,–ì—É–ª—è—Ç—å,4,3,5,–ù–µ—Ç,–ò—Å—Ç–æ—Ä–∏—è,–û—Ç—Ä–∏—Ü–∞—Ç–µ–ª—å–Ω–æ,–ú–æ–ª–æ–¥–µ—Ü,–û—Ç–ª–∏—á–Ω–æ,"–ê –∫–æ–ª–±–∞—Å–∞ –∫–∞–∫–∞—è, –∫–æ–ª–±–∞—Å–∞...","–ë–æ–µ–≤–∏–∫, –ò—Å—Ç–æ—Ä–∏—á–µ—Å–∫–∏–π —Ñ–∏–ª—å–º, –§–∞–Ω—Ç–∞—Å—Ç–∏–∫–∞"
12.06.2019 0:05:36,–î–µ–≤–æ—á–∫–∞,–ù–µ –±–∏–ª–∏,2,–ù–µ –∑–Ω–∞—é,–ì–µ—Ç–µ—Ä–æ,–°—ã—á–µ–≤–∞—Ç—å,1,5,3,–ù–µ—Ç,–•–∏–º–∏—è,–ú–Ω–µ –≤—Å—ë —Ä–∞–≤–Ω–æ,–ú–æ–ª–æ–¥–µ—Ü,–ù–≠–ô–¢–ò–í –ò–ù–ì–õ–ò–® –°–ü–ò–ö–ï–†,–ù–µ—Ç,–ö–æ–º–µ–¥–∏—è
12.06.2019 0:19:30,–î–µ–≤–æ—á–∫–∞,–ù–µ –±–∏–ª–∏,2,–ù–µ –∑–Ω–∞—é,–ì–µ—Ç–µ—Ä–æ,–°—ã—á–µ–≤–∞—Ç—å,0,6,6,–ù–µ—Ç,–ò—Å—Ç–æ—Ä–∏—è,–ú–Ω–µ –≤—Å—ë —Ä–∞–≤–Ω–æ,–§–∏–≥ –∑–Ω–∞–µ—Ç ,"–ß—É—Ç—å –ª—É—á—à–µ, —á–µ–º –Ω–∏—á–µ–≥–æ",–ù–µ—Ç,"–î–µ—Ç–µ–∫—Ç–∏–≤, –î—Ä–∞–º–∞, –ö–æ–º–µ–¥–∏—è, –ú–µ–ª–æ–¥—Ä–∞–º–∞, –§–∞–Ω—Ç–∞—Å—Ç–∏–∫–∞"
12.06.2019 0:49:02,–î–µ–≤–æ—á–∫–∞,–†–∞–∑–≤–µ —á—Ç–æ –ø–æ –¥–µ–ª—É,1,–ü–∞–±–ª–∏–∫ –≤ –≤–∫,–ë–∏,–°—ã—á–µ–≤–∞—Ç—å,5,3,0,–ù–µ—Ç,–ò–Ω–æ—Å—Ç—Ä–∞–Ω–Ω—ã–µ —è–∑—ã–∫–∏,–ú–Ω–µ –≤—Å—ë —Ä–∞–≤–Ω–æ,"–ü–æ–ª–∏—Ç–∏–∫, –ª–∏–¥–µ—Ä –∏ –±–æ–µ—Ü",–•–æ—Ä–æ—à–æ,"–ê –∫–æ–ª–±–∞—Å–∞ –∫–∞–∫–∞—è, –∫–æ–ª–±–∞—Å–∞...","–ë–æ–µ–≤–∏–∫, –ö–æ–º–µ–¥–∏—è, –§–∞–Ω—Ç–∞—Å—Ç–∏–∫–∞"
12.06.2019 1:17:36,–î–µ–≤–æ—á–∫–∞,–†–∞–∑–≤–µ —á—Ç–æ –ø–æ –¥–µ–ª—É,2,–ù–µ –∑–Ω–∞—é,–ì–µ—Ç–µ—Ä–æ,–ì—É–ª—è—Ç—å,2,5,3,–ù–µ—Ç,–õ–∏—Ç–µ—Ä–∞—Ç—É—Ä–∞,–ú–Ω–µ –≤—Å—ë —Ä–∞–≤–Ω–æ,"–ü–æ–ª–∏—Ç–∏–∫, –ª–∏–¥–µ—Ä –∏ –±–æ–µ—Ü","–ß—É—Ç—å –ª—É—á—à–µ, —á–µ–º –Ω–∏—á–µ–≥–æ",–ù–µ—Ç,"–ö–æ–º–µ–¥–∏—è, –ú–µ–ª–æ–¥—Ä–∞–º–∞"
12.06.2019 14:23:43,–î–µ–≤–æ—á–∫–∞,–†–∞–∑–≤–µ —á—Ç–æ –ø–æ –¥–µ–ª—É,1,–ù–µ –∑–Ω–∞—é,–ì–µ—Ç–µ—Ä–æ,–°—ã—á–µ–≤–∞—Ç—å,1,0,1,–ù–µ—Ç,–ú–∞—Ç–µ—à–∞,–ú–Ω–µ –≤—Å—ë —Ä–∞–≤–Ω–æ,–ú–æ–ª–æ–¥–µ—Ü,"–ß—É—Ç—å –ª—É—á—à–µ, —á–µ–º –Ω–∏—á–µ–≥–æ","–ê –∫–æ–ª–±–∞—Å–∞ –∫–∞–∫–∞—è, –∫–æ–ª–±–∞—Å–∞...","–î–µ—Ç–µ–∫—Ç–∏–≤, –§–∏–ª—å–º —É–∂–∞—Å–æ–≤"
12.06.2019 16:33:41,–î–µ–≤–æ—á–∫–∞,–†–∞–∑–≤–µ —á—Ç–æ –ø–æ –¥–µ–ª—É,2,–õ—É—á—à–∞—è –±–æ—Ä–¥–∞ —Ä—É–Ω–µ—Ç–∞,–ì–µ—Ç–µ—Ä–æ,–°—ã—á–µ–≤–∞—Ç—å,3,3,4,–ù–µ—Ç,–ò–Ω—Ñ–æ—Ä–º–∞—Ç–∏–∫–∞,–ú–Ω–µ –≤—Å—ë —Ä–∞–≤–Ω–æ,–ú–æ–ª–æ–¥–µ—Ü,"–ß—É—Ç—å –ª—É—á—à–µ, —á–µ–º –Ω–∏—á–µ–≥–æ",–ù–µ—Ç,"–ë–æ–µ–≤–∏–∫, –¢—Ä–∞–≥–µ–¥–∏—è, –§–∞–Ω—Ç–∞—Å—Ç–∏–∫–∞"
12.06.2019 17:28:47,–î–µ–≤–æ—á–∫–∞,–ù–µ –±–∏–ª–∏,0,–ù–µ –∑–Ω–∞—é,–ê–ª—å—Ç–µ—Ä–Ω–∞—Ç–∏–≤–Ω–∞—è,–°—ã—á–µ–≤–∞—Ç—å,4,7,0,–Ø –ø—Ä–æ—Å—Ç–æ –±–æ—é—Å—å –µ–≤—Ä–µ–µ–≤,–ò—Å—Ç–æ—Ä–∏—è,–û—Ç—Ä–∏—Ü–∞—Ç–µ–ª—å–Ω–æ,"–ú–æ–ª–æ–¥–µ—Ü, –Ω–æ —ç–∫–æ–Ω–æ–º–∏–∫–∞- –ø–∏–ø–µ—Ü",–û—Ä–∏–≥–∞—Ç–æ—ë –≥–∞–π–∑–∞–π–º–∞—Å,"–ê –∫–æ–ª–±–∞—Å–∞ –∫–∞–∫–∞—è, –∫–æ–ª–±–∞—Å–∞...","–ê–Ω–∏–º–µ, –î—Ä–∞–º–∞, –ö–æ–º–µ–¥–∏—è, –ú–µ–ª–æ–¥—Ä–∞–º–∞, –ò—Å—Ç–æ—Ä–∏—á–µ—Å–∫–∏–π —Ñ–∏–ª—å–º, –¢—Ä–∞–≥–µ–¥–∏—è, –§–∏–ª—å–º —É–∂–∞—Å–æ–≤"
12.06.2019 18:48:31,–ú–∞–ª—å—á–∏–∫,–ù–µ –±–∏–ª–∏,2,–ù–µ –∑–Ω–∞—é,–ì–µ—Ç–µ—Ä–æ,–°—ã—á–µ–≤–∞—Ç—å,7,2,2,–ù–µ—Ç,–ú–∞—Ç–µ—à–∞,–û—Ç—Ä–∏—Ü–∞—Ç–µ–ª—å–Ω–æ,1234,–û—Ç–ª–∏—á–Ω–æ,–ù–µ—Ç,"–ê–Ω–∏–º–µ, –ú–µ–ª–æ–¥—Ä–∞–º–∞, –§–∞–Ω—Ç–∞—Å—Ç–∏–∫–∞"
12.06.2019 19:16:15,–î–µ–≤–æ—á–∫–∞,–†–∞–∑–≤–µ —á—Ç–æ –ø–æ –¥–µ–ª—É,0,–ü–∞–±–ª–∏–∫ –≤ –≤–∫,–ì–µ—Ç–µ—Ä–æ,–°—ã—á–µ–≤–∞—Ç—å,0,5,0,–î–∞,–ò–Ω–æ—Å—Ç—Ä–∞–Ω–Ω—ã–µ —è–∑—ã–∫–∏,–ú–Ω–µ –≤—Å—ë —Ä–∞–≤–Ω–æ,"–ü–æ–ª–∏—Ç–∏–∫, –ª–∏–¥–µ—Ä –∏ –±–æ–µ—Ü",–•–æ—Ä–æ—à–æ,"–ê –∫–æ–ª–±–∞—Å–∞ –∫–∞–∫–∞—è, –∫–æ–ª–±–∞—Å–∞...","–ë–æ–µ–≤–∏–∫, –î—Ä–∞–º–∞, –ú–µ–ª–æ–¥—Ä–∞–º–∞"
12.06.2019 21:47:08,–î–µ–≤–æ—á–∫–∞,–ù–µ –±–∏–ª–∏,0,–õ—É—á—à–∞—è –±–æ—Ä–¥–∞ —Ä—É–Ω–µ—Ç–∞,–ì–µ—Ç–µ—Ä–æ,–°—ã—á–µ–≤–∞—Ç—å,7,2,4,–ù–µ—Ç,–õ–∏—Ç–µ—Ä–∞—Ç—É—Ä–∞,–ú–Ω–µ –≤—Å—ë —Ä–∞–≤–Ω–æ,–ì–∞–≤–Ω–æ,"–ß—É—Ç—å –ª—É—á—à–µ, —á–µ–º –Ω–∏—á–µ–≥–æ",–ù–µ—Ç,"–ë–æ–µ–≤–∏–∫, –î—Ä–∞–º–∞, –ö–æ–º–µ–¥–∏—è, –ò—Å—Ç–æ—Ä–∏—á–µ—Å–∫–∏–π —Ñ–∏–ª—å–º, –§–∞–Ω—Ç–∞—Å—Ç–∏–∫–∞"
12.06.2019 23:10:25,–î–µ–≤–æ—á–∫–∞,–†–∞–∑–≤–µ —á—Ç–æ –ø–æ –¥–µ–ª—É,1,–ù–µ –∑–Ω–∞—é,–ì–µ—Ç–µ—Ä–æ,–°—ã—á–µ–≤–∞—Ç—å,1,7,7,–ù–µ—Ç,–õ–∏—Ç–µ—Ä–∞—Ç—É—Ä–∞,–ú–Ω–µ –≤—Å—ë —Ä–∞–≤–Ω–æ,"–ü–æ–ª–∏—Ç–∏–∫, –ª–∏–¥–µ—Ä –∏ –±–æ–µ—Ü","–ß—É—Ç—å –ª—É—á—à–µ, —á–µ–º –Ω–∏—á–µ–≥–æ",–ù–µ—Ç,"–î–µ—Ç–µ–∫—Ç–∏–≤, –î—Ä–∞–º–∞, –ú–µ–ª–æ–¥—Ä–∞–º–∞, –ò—Å—Ç–æ—Ä–∏—á–µ—Å–∫–∏–π —Ñ–∏–ª—å–º, –§–∞–Ω—Ç–∞—Å—Ç–∏–∫–∞"
13.06.2019 4:24:16,–î–µ–≤–æ—á–∫–∞,–†–∞–∑–≤–µ —á—Ç–æ –ø–æ –¥–µ–ª—É,1,–ü–∞–±–ª–∏–∫ –≤ –≤–∫,–ì–µ—Ç–µ—Ä–æ,–°—ã—á–µ–≤–∞—Ç—å,4,7,7,–ù–µ—Ç,–õ–∏—Ç–µ—Ä–∞—Ç—É—Ä–∞,–ú–Ω–µ –≤—Å—ë —Ä–∞–≤–Ω–æ,—Ö –∞,–•–æ—Ä–æ—à–æ,–ù–µ—Ç,"–ê–Ω–∏–º–µ, –î—Ä–∞–º–∞, –ö–æ–º–µ–¥–∏—è, –ú–µ–ª–æ–¥—Ä–∞–º–∞, –ò—Å—Ç–æ—Ä–∏—á–µ—Å–∫–∏–π —Ñ–∏–ª—å–º, –¢—Ä–∞–≥–µ–¥–∏—è, –§–∏–ª—å–º —É–∂–∞—Å–æ–≤"
13.06.2019 15:18:57,–î–µ–≤–æ—á–∫–∞,–†–∞–∑–≤–µ —á—Ç–æ –ø–æ –¥–µ–ª—É,0,–ù–µ –∑–Ω–∞—é,–ì–µ—Ç–µ—Ä–æ,–ì—É–ª—è—Ç—å,6,0,6,–ù–µ—Ç,–õ–∏—Ç–µ—Ä–∞—Ç—É—Ä–∞,–ú–Ω–µ –≤—Å—ë —Ä–∞–≤–Ω–æ,"–ü–æ–ª–∏—Ç–∏–∫, –ª–∏–¥–µ—Ä –∏ –±–æ–µ—Ü","–ß—É—Ç—å –ª—É—á—à–µ, —á–µ–º –Ω–∏—á–µ–≥–æ",–ù–µ—Ç,"–ë–æ–µ–≤–∏–∫, –ö–æ–º–µ–¥–∏—è, –§–∏–ª—å–º —É–∂–∞—Å–æ–≤, –§–∞–Ω—Ç–∞—Å—Ç–∏–∫–∞"
13.06.2019 18:28:08,–î–µ–≤–æ—á–∫–∞,–ù–µ –±–∏–ª–∏,2,–ü–∞–±–ª–∏–∫ –≤ –≤–∫,–ê–ª—å—Ç–µ—Ä–Ω–∞—Ç–∏–≤–Ω–∞—è,–°—ã—á–µ–≤–∞—Ç—å,2,5,1,–ù–µ—Ç,–ú–∞—Ç–µ—à–∞,–û—Ç—Ä–∏—Ü–∞—Ç–µ–ª—å–Ω–æ,"–ü–æ–ª–∏—Ç–∏–∫, –ª–∏–¥–µ—Ä –∏ –±–æ–µ—Ü","–ß—É—Ç—å –ª—É—á—à–µ, —á–µ–º –Ω–∏—á–µ–≥–æ",–ù–µ—Ç,"–ë–æ–µ–≤–∏–∫, –î–µ—Ç–µ–∫—Ç–∏–≤, –ê–Ω–∏–º–µ, –§–∞–Ω—Ç–∞—Å—Ç–∏–∫–∞"
14.06.2019 0:55:24,–ú–∞–ª—å—á–∏–∫,–ù–µ –±–∏–ª–∏,1,–õ—É—á—à–∞—è –±–æ—Ä–¥–∞ —Ä—É–Ω–µ—Ç–∞,–ì–µ—Ç–µ—Ä–æ,–°—ã—á–µ–≤–∞—Ç—å,2,0,2,–ù–µ—Ç,–ú–∞—Ç–µ—à–∞,–ú–Ω–µ –≤—Å—ë —Ä–∞–≤–Ω–æ,–ø—Ä–µ–∑–∏–¥–µ–Ω—Ç.,–•–æ—Ä–æ—à–æ,–ù–µ—Ç,"–ë–æ–µ–≤–∏–∫, –î–µ—Ç–µ–∫—Ç–∏–≤, –î—Ä–∞–º–∞, –ò—Å—Ç–æ—Ä–∏—á–µ—Å–∫–∏–π —Ñ–∏–ª—å–º, –§–∞–Ω—Ç–∞—Å—Ç–∏–∫–∞"
14.06.2019 8:51:36,–ú–∞–ª—å—á–∏–∫,–ß–∞—Å—Ç–æ,0,–õ—É—á—à–∞—è –±–æ—Ä–¥–∞ —Ä—É–Ω–µ—Ç–∞,–ë–∏,–°—ã—á–µ–≤–∞—Ç—å,7,0,4,–Ø –ø—Ä–æ—Å—Ç–æ –±–æ—é—Å—å –µ–≤—Ä–µ–µ–≤,–ò–Ω—Ñ–æ—Ä–º–∞—Ç–∏–∫–∞,–ú–Ω–µ –≤—Å—ë —Ä–∞–≤–Ω–æ,"–ü–æ–ª–∏—Ç–∏–∫, –ª–∏–¥–µ—Ä –∏ –±–æ–µ—Ü",–ù–≠–ô–¢–ò–í –ò–ù–ì–õ–ò–® –°–ü–ò–ö–ï–†,–ù–µ—Ç,–§–∞–Ω—Ç–∞—Å—Ç–∏–∫–∞
14.06.2019 11:09:45,–î–µ–≤–æ—á–∫–∞,–ù–µ –±–∏–ª–∏,1,–ù–µ –∑–Ω–∞—é,–ë–∏,–°—ã—á–µ–≤–∞—Ç—å,2,6,0,–ù–µ—Ç,–ò–Ω–æ—Å—Ç—Ä–∞–Ω–Ω—ã–µ —è–∑—ã–∫–∏,–ú–Ω–µ –≤—Å—ë —Ä–∞–≤–Ω–æ,"–ü–æ–ª–∏—Ç–∏–∫, –ª–∏–¥–µ—Ä –∏ –±–æ–µ—Ü","–ß—É—Ç—å –ª—É—á—à–µ, —á–µ–º –Ω–∏—á–µ–≥–æ",–ù–µ—Ç,"–î–µ—Ç–µ–∫—Ç–∏–≤, –ê–Ω–∏–º–µ, –î—Ä–∞–º–∞, –ö–æ–º–µ–¥–∏—è, –ú–µ–ª–æ–¥—Ä–∞–º–∞, –§–∏–ª—å–º —É–∂–∞—Å–æ–≤, –§–∞–Ω—Ç–∞—Å—Ç–∏–∫–∞"
14.06.2019 20:44:01,–î–µ–≤–æ—á–∫–∞,–ù–µ –±–∏–ª–∏,5,–ü–∞–±–ª–∏–∫ –≤ –≤–∫,–ì–µ—Ç–µ—Ä–æ,–ì—É–ª—è—Ç—å,4,2,2,–ù–µ—Ç,–õ–∏—Ç–µ—Ä–∞—Ç—É—Ä–∞,–ü–æ–ª–æ–∂–∏—Ç–µ–ª—å–Ω–æ,–ú–æ–ª–æ–¥–µ—Ü,"–ß—É—Ç—å –ª—É—á—à–µ, —á–µ–º –Ω–∏—á–µ–≥–æ",–ù–µ—Ç,"–î–µ—Ç–µ–∫—Ç–∏–≤, –î—Ä–∞–º–∞, –ö–æ–º–µ–¥–∏—è, –ú–µ–ª–æ–¥—Ä–∞–º–∞, –ò—Å—Ç–æ—Ä–∏—á–µ—Å–∫–∏–π —Ñ–∏–ª—å–º, –¢—Ä–∞–≥–µ–¥–∏—è, –§–∞–Ω—Ç–∞—Å—Ç–∏–∫–∞"
15.06.2019 16:01:15,–î–µ–≤–æ—á–∫–∞,–ù–µ –±–∏–ª–∏,1,–õ—É—á—à–∞—è –±–æ—Ä–¥–∞ —Ä—É–Ω–µ—Ç–∞,–ì–µ—Ç–µ—Ä–æ,–°—ã—á–µ–≤–∞—Ç—å,0,4,3,–ù–µ—Ç,–•–∏–º–∏—è,–ú–Ω–µ –≤—Å—ë —Ä–∞–≤–Ω–æ,"–ü–æ–ª–∏—Ç–∏–∫, –ª–∏–¥–µ—Ä –∏ –±–æ–µ—Ü",–ù–≠–ô–¢–ò–í –ò–ù–ì–õ–ò–® –°–ü–ò–ö–ï–†,"–ê –∫–æ–ª–±–∞—Å–∞ –∫–∞–∫–∞—è, –∫–æ–ª–±–∞—Å–∞...","–î—Ä–∞–º–∞, –ö–æ–º–µ–¥–∏—è, –ú–µ–ª–æ–¥—Ä–∞–º–∞, –ò—Å—Ç–æ—Ä–∏—á–µ—Å–∫–∏–π —Ñ–∏–ª—å–º, –§–∞–Ω—Ç–∞—Å—Ç–∏–∫–∞"
17.06.2019 0:34:00,–ú–∞–ª—å—á–∏–∫,–†–∞–∑–≤–µ —á—Ç–æ –ø–æ –¥–µ–ª—É,1,–õ—É—á—à–∞—è –±–æ—Ä–¥–∞ —Ä—É–Ω–µ—Ç–∞,–ì–µ—Ç–µ—Ä–æ,–°—ã—á–µ–≤–∞—Ç—å,3,2,4,–ù–µ—Ç,–õ–∏—Ç–µ—Ä–∞—Ç—É—Ä–∞,–ú–Ω–µ –≤—Å—ë —Ä–∞–≤–Ω–æ,"–ü–æ–ª–∏—Ç–∏–∫, –ª–∏–¥–µ—Ä –∏ –±–æ–µ—Ü","–ß—É—Ç—å –ª—É—á—à–µ, —á–µ–º –Ω–∏—á–µ–≥–æ","–ê –∫–æ–ª–±–∞—Å–∞ –∫–∞–∫–∞—è, –∫–æ–ª–±–∞—Å–∞...","–ë–æ–µ–≤–∏–∫, –î–µ—Ç–µ–∫—Ç–∏–≤, –ê–Ω–∏–º–µ, –ö–æ–º–µ–¥–∏—è, –§–∞–Ω—Ç–∞—Å—Ç–∏–∫–∞"
17.06.2019 11:35:51,–ú–∞–ª—å—á–∏–∫,–†–∞–∑–≤–µ —á—Ç–æ –ø–æ –¥–µ–ª—É,2,–ü–∞–±–ª–∏–∫ –≤ –≤–∫,–ì–µ—Ç–µ—Ä–æ,–ì—É–ª—è—Ç—å,0,2,4,–ù–µ—Ç,–ú–∞—Ç–µ—à–∞,–ú–Ω–µ –≤—Å—ë —Ä–∞–≤–Ω–æ,–•–∏—Ö,–ù–æ—Ä–º–∞–ª—å–Ω–æ,"–ê –∫–æ–ª–±–∞—Å–∞ –∫–∞–∫–∞—è, –∫–æ–ª–±–∞—Å–∞...","–î–µ—Ç–µ–∫—Ç–∏–≤, –ö–æ–º–µ–¥–∏—è, –ú–µ–ª–æ–¥—Ä–∞–º–∞, –§–∞–Ω—Ç–∞—Å—Ç–∏–∫–∞"
21.06.2019 22:30:18,–î–µ–≤–æ—á–∫–∞,–ù–µ –±–∏–ª–∏,2,–ü–∞–±–ª–∏–∫ –≤ –≤–∫,–ì–µ—Ç–µ—Ä–æ,–°—ã—á–µ–≤–∞—Ç—å,4,6,6,–ù–µ—Ç,–ò–Ω–æ—Å—Ç—Ä–∞–Ω–Ω—ã–µ —è–∑—ã–∫–∏,–û—Ç—Ä–∏—Ü–∞—Ç–µ–ª—å–Ω–æ,*****,–ù–æ—Ä–º–∞–ª—å–Ω–æ,–ù–µ—Ç,"–î–µ—Ç–µ–∫—Ç–∏–≤, –ú–µ–ª–æ–¥—Ä–∞–º–∞, –ò—Å—Ç–æ—Ä–∏—á–µ—Å–∫–∏–π —Ñ–∏–ª—å–º"
29.10.2020 9:38:45,–ú–∞–ª—å—á–∏–∫,–ù–µ –±–∏–ª–∏,1,–ù–µ–Ω–∞–≤–∏–∂—É –ê–±—É,–ì–µ—Ç–µ—Ä–æ,–°—ã—á–µ–≤–∞—Ç—å,3,1,3,–ù–µ—Ç,–ú–∞—Ç–µ—à–∞,–ú–Ω–µ –≤—Å—ë —Ä–∞–≤–Ω–æ,–ú–æ—ë –æ—Ç–Ω–æ—à–µ–Ω–∏–µ –∫ –í–ª–∞–¥–∏–º–∏—Ä—É –ü—É—Ç–∏–Ω—É —Å–ª–æ–∂–Ω–æ –æ–ø–∏—Å–∞—Ç—å –≤ –æ–¥–Ω–æ–π —Å—Ç—Ä–æ–∫–µ,–ù–æ—Ä–º–∞–ª—å–Ω–æ,–ù–µ—Ç,"–î—Ä–∞–º–∞, –ú–µ–ª–æ–¥—Ä–∞–º–∞, –¢—Ä–∞–≥–µ–¥–∏—è"
29.10.2020 15:27:45,–ú–∞–ª—å—á–∏–∫,–ù–µ –±–∏–ª–∏,0,–ù–µ–Ω–∞–≤–∏–∂—É –ê–±—É,–ë–∏,–°—ã—á–µ–≤–∞—Ç—å,4,4,2,–ù–µ—Ç,–ò–Ω—Ñ–æ—Ä–º–∞—Ç–∏–∫–∞,–û—Ç—Ä–∏—Ü–∞—Ç–µ–ª—å–Ω–æ,"–ü–æ–ª–∏—Ç–∏–∫, –ª–∏–¥–µ—Ä –∏ –±–æ–µ—Ü",–û—Ç–ª–∏—á–Ω–æ,–ù–µ—Ç,"–î–µ—Ç–µ–∫—Ç–∏–≤, –ê–Ω–∏–º–µ, –§–∞–Ω—Ç–∞—Å—Ç–∏–∫–∞"
31.10.2020 18:06:00,–ú–∞–ª—å—á–∏–∫,–†–∞–∑–≤–µ —á—Ç–æ –ø–æ –¥–µ–ª—É,3,–ù–µ–Ω–∞–≤–∏–∂—É –ê–±—É,–ë–∏,–°—ã—á–µ–≤–∞—Ç—å,6,0,2,–ù–µ—Ç,–ú–∞—Ç–µ—à–∞,–û—Ç—Ä–∏—Ü–∞—Ç–µ–ª—å–Ω–æ,–ú–æ–ª–æ–¥–µ—Ü,–ù–≠–ô–¢–ò–í –ò–ù–ì–õ–ò–® –°–ü–ò–ö–ï–†,–ù–µ—Ç,"–î—Ä–∞–º–∞, –ö–æ–º–µ–¥–∏—è, –¢—Ä–∞–≥–µ–¥–∏—è, –§–∏–ª—å–º —É–∂–∞—Å–æ–≤, –§–∞–Ω—Ç–∞—Å—Ç–∏–∫–∞"
31.10.2020 18:56:01,–ú–∞–ª—å—á–∏–∫,–ß–∞—Å—Ç–æ,2,–õ—É—á—à–∞—è –±–æ—Ä–¥–∞ —Ä—É–Ω–µ—Ç–∞,–ì–µ—Ç–µ—Ä–æ,–ì—É–ª—è—Ç—å,4,4,2,–ù–µ—Ç,–ò–Ω—Ñ–æ—Ä–º–∞—Ç–∏–∫–∞,–ú–Ω–µ –≤—Å—ë —Ä–∞–≤–Ω–æ,"–ü–æ–ª–∏—Ç–∏–∫, –ª–∏–¥–µ—Ä –∏ –±–æ–µ—Ü",–ù–æ—Ä–º–∞–ª—å–Ω–æ,–ù–µ—Ç,"–ë–æ–µ–≤–∏–∫, –î–µ—Ç–µ–∫—Ç–∏–≤, –ê–Ω–∏–º–µ, –î—Ä–∞–º–∞, –ö–æ–º–µ–¥–∏—è, –¢—Ä–∞–≥–µ–¥–∏—è, –§–∏–ª—å–º —É–∂–∞—Å–æ–≤, –§–∞–Ω—Ç–∞—Å—Ç–∏–∫–∞"
31.10.2020 19:10:22,–ú–∞–ª—å—á–∏–∫,–ß–∞—Å—Ç–æ,2,–ù–µ–Ω–∞–≤–∏–∂—É –ê–±—É,–ë–∏,–ì—É–ª—è—Ç—å,1,4,4,–Ø –ø—Ä–æ—Å—Ç–æ –±–æ—é—Å—å –µ–≤—Ä–µ–µ–≤,–ú–∞—Ç–µ—à–∞,–ú–Ω–µ –≤—Å—ë —Ä–∞–≤–Ω–æ,–º–æ–µ –¥—Ä—É–∂–∏—â–µ,–û—Ä–∏–≥–∞—Ç–æ—ë –≥–∞–π–∑–∞–π–º–∞—Å,"–ê –∫–æ–ª–±–∞—Å–∞ –∫–∞–∫–∞—è, –∫–æ–ª–±–∞—Å–∞...",–ê–Ω–∏–º–µ
31.10.2020 20:20:18,–ú–∞–ª—å—á–∏–∫,–ù–µ –±–∏–ª–∏,3,–ù–µ –∑–Ω–∞—é,–ì–µ—Ç–µ—Ä–æ,–°—ã—á–µ–≤–∞—Ç—å,4,2,0,–ù–µ—Ç,–ò–Ω—Ñ–æ—Ä–º–∞—Ç–∏–∫–∞,–ú–Ω–µ –≤—Å—ë —Ä–∞–≤–Ω–æ,...,–ù–æ—Ä–º–∞–ª—å–Ω–æ,–ù–µ—Ç,"–ë–æ–µ–≤–∏–∫, –ö–æ–º–µ–¥–∏—è, –§–∞–Ω—Ç–∞—Å—Ç–∏–∫–∞"
31.10.2020 21:42:02,–î–µ–≤–æ—á–∫–∞,–ß–∞—Å—Ç–æ,2,–ù–µ –∑–Ω–∞—é,–ì–µ—Ç–µ—Ä–æ,–°—ã—á–µ–≤–∞—Ç—å,1,4,5,–ù–µ—Ç,–õ–∏—Ç–µ—Ä–∞—Ç—É—Ä–∞,–ú–Ω–µ –≤—Å—ë —Ä–∞–≤–Ω–æ,"–ü–æ–ª–∏—Ç–∏–∫, –ª–∏–¥–µ—Ä –∏ –±–æ–µ—Ü",–ù–æ—Ä–º–∞–ª—å–Ω–æ,–ù–µ—Ç,"–ë–æ–µ–≤–∏–∫, –î–µ—Ç–µ–∫—Ç–∏–≤, –î—Ä–∞–º–∞, –ö–æ–º–µ–¥–∏—è, –§–∞–Ω—Ç–∞—Å—Ç–∏–∫–∞"